,Unnamed: 0,Symbol,Name,Industry,Name_of_war,change_a1,change_a2,change_a3,change_b1,change_b2,avg.change,index_d1,index_d2,index_d3
0,0,AAPL,Apple Inc,"컴퓨터, 전화 및 가전제품",영원한자유작전-필리핀,0.01,-0.01,0.01,0.0,0.0,-0.0059999999999999,-166.66666666666728,166.66666666666728,-166.66666666666728
1,1,MSFT,Microsoft Corp,소프트웨어 및 IT서비스,영원한자유작전-필리핀,0.4400000000000048,-0.480000000000004,0.6599999999999966,0.0799999999999983,-0.4600000000000008,0.0799999999999983,550.0000000000177,-600.0000000000177,825.0000000000133
2,2,AMZN,Amazon.com Inc,다양한 소매업,영원한자유작전-필리핀,-0.0500000000000007,-0.879999999999999,-0.08,-0.6900000000000013,0.0,-0.570000000000001,8.771929824561514,154.38596491228026,14.035087719298234
3,3,NVDA,NVIDIA Corp,반도체 및 반도체 장비,영원한자유작전-필리핀,1.0300000000000011,-0.5500000000000007,0.0399999999999991,-1.0599999999999987,-1.120000000000001,-0.5719999999999998,-180.06993006993034,96.1538461538463,-6.993006993006847
4,4,INTC,Intel Corp,반도체 및 반도체 장비,영원한자유작전-필리핀,-0.259999999999998,-0.25,0.480000000000004,0.5400000000000063,-0.2700000000000031,-0.011999999999999,2166.6666666668243,2083.333333333501,-4000.000000000355
5,5,ASML,ASML Holding NV ADR,반도체 및 반도체 장비,영원한자유작전-필리핀,-0.0300000000000011,-0.379999999999999,0.0899999999999998,-0.3800000000000025,-0.2900000000000027,-0.2120000000000011,14.150943396226872,179.24528301886647,-42.45283018867895
6,6,CMCSA,Comcast Corp Class A,미디어 및 출판,영원한자유작전-필리핀,-0.0300000000000011,-0.0700000000000002,-0.1400000000000005,-0.379999999999999,0.0799999999999983,0.0200000000000002,-150.00000000000355,-349.9999999999965,-699.999999999993
7,7,ADBE,Adobe Inc,소프트웨어 및 IT서비스,영원한자유작전-필리핀,0.3900000000000005,-0.3399999999999998,0.25,-0.0599999999999987,-0.2100000000000008,-0.0379999999999988,-1026.3157894737174,894.7368421052902,-657.8947368421254
8,8,CSCO,Cisco Systems Inc,커뮤니케이션 및 네트워킹,영원한자유작전-필리핀,-0.0700000000000002,-0.4399999999999977,0.25,-0.2900000000000027,-0.3499999999999978,-0.0880000000000016,79.54545454545335,499.999999999988,-284.09090909090366
9,9,PEP,PepsiCo Inc,음료,영원한자유작전-필리핀,0.019999999999996,-0.1199999999999974,0.1199999999999974,-0.3299999999999983,-0.1299999999999954,-0.1659999999999996,-12.048192771081965,72.28915662650464,-72.28915662650464
10,10,TXN,Texas Instruments Inc,반도체 및 반도체 장비,영원한자유작전-필리핀,-0.8000000000000007,0.2099999999999973,0.4499999999999993,-0.0700000000000002,-0.4600000000000008,-0.4859999999999999,164.60905349794254,-43.209876543209326,-92.59259259259244
11,11,TSM,Taiwan Semiconductor Manufacturing Co Ltd ADR,반도체 및 반도체 장비,영원한자유작전-필리핀,-0.1400000000000005,-0.1899999999999995,0.2300000000000004,-0.2200000000000006,0.0900000000000016,-0.1320000000000004,106.06060606060616,143.9393939393931,-174.24242424242405
12,12,JPM,JPMorgan Chase & Co,은행,영원한자유작전-필리핀,0.5599999999999952,-0.990000000000002,-0.1499999999999985,-0.3399999999999963,-0.9099999999999966,-0.0959999999999979,-583.3333333333408,1031.250000000024,156.25000000000188
13,13,JNJ,Johnson & Johnson,제약,영원한자유작전-필리핀,0.0399999999999991,0.2399999999999948,0.25,0.240000000000002,0.1499999999999985,0.2920000000000001,13.698630136986004,82.19178082191601,85.61643835616434
14,14,WMT,Walmart Inc,식품 및 약품소매,영원한자유작전-필리핀,1.1099999999999994,-0.8799999999999955,0.9099999999999966,-0.0399999999999991,-0.8500000000000014,-0.0159999999999982,-6937.50000000076,5500.0000000005775,-5687.500000000606
15,15,UNH,UnitedHealth Group Inc,헬스케어 업체 및 서비스,영원한자유작전-필리핀,0.0100000000000015,-0.0199999999999995,-0.1099999999999994,0.1799999999999997,0.2800000000000011,0.1539999999999999,6.493506493507511,-12.987012987012715,-71.4285714285711
16,16,PG,Procter & Gamble Co,"개인, 가정 용품 및 서비스",영원한자유작전-필리핀,0.5500000000000043,0.1699999999999946,0.1000000000000014,0.519999999999996,-0.2399999999999948,0.2039999999999992,269.60784313725804,83.33333333333101,49.01960784313814
17,17,DIS,Walt Disney Co,미디어 및 출판,영원한자유작전-필리핀,0.0300000000000011,-0.9699999999999988,0.3800000000000025,-0.1900000000000012,0.0199999999999995,-0.3640000000000015,-8.24175824175852,266.4835164835151,-104.39560439560466
18,18,BAC,Bank of America Corp,은행,영원한자유작전-필리핀,0.3300000000000018,0.0999999999999978,0.0399999999999991,-0.0899999999999998,-0.6700000000000017,-0.1440000000000005,-229.1666666666672,-69.44444444444274,-27.77777777777709
19,19,HD,Home Depot Inc,전문품 상점,영원한자유작전-필리핀,0.1700000000000017,-0.5599999999999952,-0.9500000000000028,-0.9299999999999996,-0.0899999999999963,-0.5920000000000002,-28.71621621621649,94.59459459459374,160.4729729729734
20,20,VZ,Verizon Communications Inc,통신 서비스,영원한자유작전-필리핀,0.0,-0.6699999999999946,0.3699999999999974,0.5399999999999991,0.3500000000000014,0.3039999999999977,0.0,-220.3947368421051,121.71052631578952
21,21,XOM,Exxon Mobil Corp,오일 및 가스,영원한자유작전-필리핀,0.4099999999999966,-0.5,0.0200000000000031,0.0399999999999991,-0.8900000000000006,-0.0659999999999996,-621.2121212121192,757.5757575757615,-30.3030303030352
22,22,KO,Coca-Cola Co,음료,영원한자유작전-필리핀,-0.1999999999999993,-0.2100000000000008,0.3200000000000003,-0.25,0.1699999999999981,-0.1579999999999998,126.58227848101234,132.91139240506396,-202.53164556962068
23,23,T,AT&T Inc,통신 서비스,영원한자유작전-필리핀,-0.0300000000000011,-0.490000000000002,-0.1999999999999957,0.1299999999999954,-0.7700000000000031,-0.1360000000000013,22.05882352941238,360.2941176470567,147.05882352940716
24,24,TM,Toyota Motor Corp ADR,자동차 및 자동차 부품,영원한자유작전-필리핀,-0.1199999999999974,-0.240000000000002,0.6499999999999986,-0.3400000000000034,-0.2899999999999991,-0.3160000000000025,37.97468354430269,75.94936708860762,-205.6962025316435
25,25,ABT,Abbott Laboratories,헬스케어 장비 및 용품,영원한자유작전-필리핀,-0.2100000000000008,0.3599999999999994,0.4000000000000021,-0.0499999999999971,0.3300000000000018,-0.0419999999999994,500.0000000000084,-857.1428571428667,-952.3809523809696
26,26,NKE,Nike Inc Class B,섬유 및 의류,영원한자유작전-필리핀,0.1299999999999999,-0.1299999999999999,0.1299999999999999,-0.0899999999999998,-0.1299999999999999,-0.0139999999999998,-928.571428571436,928.571428571436,-928.571428571436
27,27,CVX,Chevron Corp,오일 및 가스,영원한자유작전-필리핀,0.480000000000004,-0.4200000000000017,-0.269999999999996,-0.009999999999998,-0.75,0.0240000000000009,1999.9999999999409,-1749.9999999999409,-1124.9999999999409
28,28,ORCL,Oracle Corp,소프트웨어 및 IT서비스,영원한자유작전-필리핀,0.509999999999998,-0.0700000000000002,0.2899999999999991,0.3200000000000003,-0.4200000000000017,0.2940000000000008,173.46938775510088,-23.80952380952384,98.63945578231235
29,29,PFE,Pfizer Inc,제약,영원한자유작전-필리핀,-0.490000000000002,-0.4700000000000059,-0.6499999999999986,-0.1299999999999954,-0.6499999999999986,0.0820000000000021,-597.5609756097429,-573.1707317073093,-792.6829268292457
30,30,MRK,Merck & Co Inc,제약,영원한자유작전-필리핀,-0.7999999999999972,-0.5899999999999963,0.4100000000000037,-0.240000000000002,-0.5899999999999963,0.1479999999999989,-540.5405405405423,-398.6486486486489,277.02702702703147
31,31,NVS,Novartis AG ADR,제약,영원한자유작전-필리핀,-0.0799999999999983,-0.1799999999999997,0.259999999999998,-0.2999999999999971,0.0500000000000007,-0.1639999999999986,48.78048780487741,109.75609756097636,-158.53658536585377
32,32,ACN,Accenture PLC Class A,소프트웨어 및 IT서비스,영원한자유작전-필리핀,0.3900000000000005,0.5799999999999983,0.0,-0.6600000000000001,-1.1300000000000026,-0.0179999999999999,-2166.6666666666733,-3222.222222222218,-0.0
33,33,TMO,Thermo Fisher Scientific Inc,헬스케어 장비 및 용품,영원한자유작전-필리핀,-0.0799999999999983,-0.4899999999999984,0.1999999999999993,0.2199999999999988,-0.0300000000000011,-0.1760000000000005,45.45454545454435,278.4090909090892,-113.63636363636289
34,34,LLY,Eli Lilly and Co,제약,영원한자유작전-필리핀,-0.5400000000000063,-0.9399999999999976,-0.769999999999996,0.5999999999999943,-1.1499999999999917,0.2599999999999994,-207.69230769231052,-361.53846153846143,-296.1538461538452
35,35,MCD,Mcdonald's Corp,호텔 및 엔터테인먼트,영원한자유작전-필리핀,-0.3500000000000014,-0.3200000000000003,0.1500000000000021,-0.5,-0.5399999999999991,-0.2800000000000004,125.00000000000033,114.2857142857142,-53.57142857142926
36,36,DHR,Danaher Corp,헬스케어 장비 및 용품,영원한자유작전-필리핀,-0.7899999999999991,-0.3399999999999998,0.0899999999999998,-0.200000000000001,0.2699999999999996,-0.1,789.9999999999991,339.9999999999999,-89.99999999999986
37,37,WFC,Wells Fargo & Co,은행,영원한자유작전-필리핀,0.8900000000000006,0.0199999999999995,0.0,-0.139999999999997,-0.120000000000001,-0.1039999999999992,-855.769230769238,-19.230769230768967,-0.0
38,38,BHP,BHP Group Ltd ADR,메탈&마이닝,영원한자유작전-필리핀,0.0,-0.1099999999999994,-0.0700000000000002,-0.0300000000000011,0.1100000000000012,-0.0560000000000005,-0.0,196.42857142856835,124.9999999999992
0,0,AAPL,Apple Inc,"컴퓨터, 전화 및 가전제품",이란-PJAK충돌,0.0,-0.01,0.02,-0.02,0.0,-0.004,-0.0,250.0,-500.0
1,1,MSFT,Microsoft Corp,소프트웨어 및 IT서비스,이란-PJAK충돌,0.129999999999999,0.3800000000000025,0.1499999999999985,-0.2600000000000015,0.009999999999998,0.0119999999999997,1083.333333333348,3166.666666666756,1250.000000000015
2,2,AMZN,Amazon.com Inc,다양한 소매업,이란-PJAK충돌,1.3000000000000045,0.2200000000000059,1.2899999999999991,-0.5700000000000003,1.0899999999999963,0.2460000000000008,528.4552845528456,89.43089430894521,524.390243902437
3,3,NVDA,NVIDIA Corp,반도체 및 반도체 장비,이란-PJAK충돌,-0.2599999999999998,-0.0600000000000005,0.3599999999999994,0.0400000000000009,0.3100000000000005,0.1380000000000004,-188.4057971014485,-43.478260869565446,260.86956521739006
4,4,INTC,Intel Corp,반도체 및 반도체 장비,이란-PJAK충돌,0.009999999999998,0.1000000000000014,0.2800000000000011,-0.2200000000000024,0.0599999999999987,0.0359999999999992,27.777777777772844,277.7777777777876,777.7777777777975
5,5,ASML,ASML Holding NV ADR,반도체 및 반도체 장비,이란-PJAK충돌,0.3100000000000023,0.3499999999999978,0.2700000000000031,-0.1699999999999981,0.2100000000000008,0.0740000000000009,418.9189189189168,472.9729729729642,364.8648648648646
6,6,CMCSA,Comcast Corp Class A,미디어 및 출판,이란-PJAK충돌,0.3099999999999987,-0.3399999999999998,0.4600000000000008,-0.259999999999998,0.0499999999999971,0.0200000000000002,1549.9999999999716,-1699.9999999999752,2299.999999999972
7,7,NFLX,Netflix Inc,소프트웨어 및 IT서비스,이란-PJAK충돌,-0.1100000000000003,-0.1399999999999996,0.0899999999999998,-0.0599999999999996,0.1500000000000003,0.0620000000000001,-177.41935483870992,-225.80645161290235,145.1612903225802
8,8,ADBE,Adobe Inc,소프트웨어 및 IT서비스,이란-PJAK충돌,0.4100000000000001,-0.0100000000000015,0.2300000000000004,-0.2200000000000024,-0.0500000000000007,-0.0100000000000008,-4099.999999999652,100.0000000000071,-2299.999999999808
9,9,CSCO,Cisco Systems Inc,커뮤니케이션 및 네트워킹,이란-PJAK충돌,0.0599999999999987,0.259999999999998,0.5199999999999996,-0.370000000000001,0.2100000000000008,-0.0060000000000002,-999.9999999999408,-4333.333333333136,-8666.666666666331
10,10,PEP,PepsiCo Inc,음료,이란-PJAK충돌,0.4399999999999977,-0.3999999999999986,0.6699999999999946,0.6000000000000014,0.1000000000000014,0.3880000000000009,113.40206185566925,-103.09278350515405,172.6804123711322
11,11,TXN,Texas Instruments Inc,반도체 및 반도체 장비,이란-PJAK충돌,0.5399999999999991,-0.0899999999999998,0.5300000000000011,0.0599999999999987,-0.0399999999999991,0.2039999999999992,264.7058823529418,-44.11764705882363,259.803921568629
12,12,TSM,Taiwan Semiconductor Manufacturing Co Ltd ADR,반도체 및 반도체 장비,이란-PJAK충돌,-0.209999999999999,-0.0099999999999997,0.1500000000000003,-0.0299999999999993,0.1799999999999997,-0.0619999999999995,338.70967741935567,16.129032258064285,-241.93548387097
13,13,JPM,JPMorgan Chase & Co,은행,이란-PJAK충돌,0.3099999999999951,-0.9699999999999988,0.4699999999999988,-0.1400000000000005,-0.0800000000000054,0.1820000000000007,170.32967032966698,-532.9670329670301,258.24175824175654
14,14,JNJ,Johnson & Johnson,제약,이란-PJAK충돌,-0.529999999999994,1.2800000000000011,0.3400000000000034,0.1700000000000017,-0.0899999999999963,0.0760000000000019,-697.368421052606,1684.2105263157482,447.3684210526248
15,15,WMT,Walmart Inc,식품 및 약품소매,이란-PJAK충돌,-0.3999999999999986,-0.3999999999999986,0.0799999999999983,-0.1400000000000005,0.1000000000000014,0.0959999999999993,-416.6666666666679,-416.6666666666679,83.33333333333209
16,16,UNH,UnitedHealth Group Inc,헬스케어 업체 및 서비스,이란-PJAK충돌,0.3099999999999951,0.0399999999999991,0.6199999999999974,0.2899999999999991,-0.2700000000000031,0.1239999999999994,249.9999999999972,32.25806451612848,500.0
17,17,PG,Procter & Gamble Co,"개인, 가정 용품 및 서비스",이란-PJAK충돌,0.5100000000000051,-0.1200000000000045,0.3400000000000034,-0.4400000000000048,0.6099999999999994,-0.1100000000000008,-463.6363636363648,109.0909090909124,-309.0909090909098
18,18,DIS,Walt Disney Co,미디어 및 출판,이란-PJAK충돌,0.2399999999999984,0.0700000000000002,0.6699999999999982,-0.2399999999999984,0.0299999999999975,-0.0519999999999988,-461.5384615384683,-134.61538461538802,-1288.4615384615622
19,19,BAC,Bank of America Corp,은행,이란-PJAK충돌,0.0,-0.7199999999999989,0.3599999999999994,-0.3999999999999986,0.3599999999999994,0.0220000000000013,0.0,-3272.727272727073,1636.3636363635364
20,20,HD,Home Depot Inc,전문품 상점,이란-PJAK충돌,-0.2199999999999988,-0.6199999999999974,0.7100000000000009,0.0399999999999991,0.1099999999999994,0.3039999999999992,-72.36842105263139,-203.9473684210523,233.55263157894825
21,21,VZ,Verizon Communications Inc,통신 서비스,이란-PJAK충돌,-0.3100000000000023,-0.3200000000000003,0.2000000000000028,0.0399999999999991,0.1400000000000005,0.1099999999999994,-281.81818181818534,-290.90909090909264,181.8181818181853
22,22,XOM,Exxon Mobil Corp,오일 및 가스,이란-PJAK충돌,-0.3799999999999954,-0.0800000000000054,0.2800000000000011,-0.0599999999999951,0.1400000000000005,0.1080000000000026,-351.85185185183894,-74.07407407407723,259.2592592592539
23,23,KO,Coca-Cola Co,음료,이란-PJAK충돌,0.0500000000000007,-0.0599999999999987,-0.0899999999999998,0.1199999999999974,0.3399999999999998,0.0799999999999983,62.50000000000222,-75.0,-112.50000000000222
24,24,T,AT&T Inc,통신 서비스,이란-PJAK충돌,0.0100000000000015,-0.129999999999999,0.3099999999999987,0.0599999999999987,0.1600000000000001,0.0679999999999999,14.70588235294348,-191.1764705882339,455.8823529411748
25,25,TM,Toyota Motor Corp ADR,자동차 및 자동차 부품,이란-PJAK충돌,0.5800000000000125,0.0100000000000051,0.5,0.0799999999999983,-0.0300000000000011,0.2600000000000023,223.07692307692597,3.84615384615578,192.30769230769064
26,26,ABT,Abbott Laboratories,헬스케어 장비 및 용품,이란-PJAK충돌,0.2699999999999996,-0.0299999999999975,0.2000000000000028,0.0199999999999995,0.1199999999999974,0.1100000000000008,245.4545454545432,-27.272727272724868,181.818181818183
27,27,NKE,Nike Inc Class B,섬유 및 의류,이란-PJAK충돌,-0.1799999999999997,-0.0299999999999993,0.1899999999999995,0.1500000000000003,0.08,0.0539999999999999,-333.3333333333333,-55.555555555554456,351.85185185185145
28,28,CVX,Chevron Corp,오일 및 가스,이란-PJAK충돌,0.0,-0.1799999999999997,0.4500000000000028,0.2999999999999971,0.7299999999999969,0.0079999999999998,0.0,-2250.000000000044,5625.000000000155
29,29,ORCL,Oracle Corp,소프트웨어 및 IT서비스,이란-PJAK충돌,0.2999999999999989,-0.0399999999999991,0.1699999999999999,-0.0999999999999996,0.1099999999999994,0.0240000000000001,1249.9999999999852,-166.66666666666174,708.3333333333271
30,30,PFE,Pfizer Inc,제약,이란-PJAK충돌,-0.1099999999999994,-0.1000000000000014,0.0100000000000051,-0.0900000000000034,0.1099999999999994,0.0779999999999987,-141.02564102564264,-128.20512820513216,12.820512820519594
31,31,MRK,Merck & Co Inc,제약,이란-PJAK충돌,0.240000000000002,-0.5399999999999991,-0.1099999999999994,-0.0100000000000051,-0.3799999999999954,0.1679999999999978,142.85714285714587,-321.428571428575,-65.47619047619098
32,32,NVS,Novartis AG ADR,제약,이란-PJAK충돌,0.4200000000000017,-0.0500000000000042,0.6500000000000057,0.1499999999999985,0.3900000000000005,0.1340000000000003,313.432835820896,-37.31343283582398,485.07462686567465
33,33,ACN,Accenture PLC Class A,소프트웨어 및 IT서비스,이란-PJAK충돌,0.2099999999999973,0.129999999999999,0.5500000000000007,0.2300000000000004,-0.1000000000000014,0.1600000000000008,131.2499999999976,81.24999999999893,343.7499999999986
34,34,TMO,Thermo Fisher Scientific Inc,헬스케어 장비 및 용품,이란-PJAK충돌,0.4600000000000008,0.5799999999999983,0.3399999999999998,0.0100000000000015,0.490000000000002,0.270000000000001,170.37037037037004,214.81481481481336,125.9259259259254
35,35,LLY,Eli Lilly and Co,제약,이란-PJAK충돌,0.1999999999999886,-0.0999999999999943,0.2000000000000028,-1.0499999999999972,-0.2000000000000028,-0.6280000000000001,-31.847133757959966,15.923566878979983,-31.847133757962236
36,36,MCD,Mcdonald's Corp,호텔 및 엔터테인먼트,이란-PJAK충돌,0.1600000000000001,0.3800000000000025,0.5700000000000003,-0.129999999999999,0.3099999999999987,0.0920000000000001,173.9130434782607,413.0434782608716,619.5652173913035
37,37,DHR,Danaher Corp,헬스케어 장비 및 용품,이란-PJAK충돌,-0.0599999999999987,0.1400000000000005,0.120000000000001,0.1099999999999994,0.2199999999999988,0.1599999999999994,-37.49999999999933,87.50000000000068,75.00000000000088
38,38,WFC,Wells Fargo & Co,은행,이란-PJAK충돌,0.2600000000000015,-0.4100000000000001,0.0500000000000007,-0.0399999999999991,-0.1799999999999997,0.0020000000000003,12999.999999998045,-20499.9999999968,2499.999999999645
39,39,BHP,BHP Group Ltd ADR,메탈&마이닝,이란-PJAK충돌,0.1600000000000001,0.0600000000000022,0.0100000000000015,-0.1099999999999994,-0.009999999999998,0.0399999999999998,400.00000000000176,150.00000000000622,25.000000000004
0,0,AAPL,Apple Inc,"컴퓨터, 전화 및 가전제품",예멘의 Houthi 반란,0.01,0.0,0.01,0.0,0.0,-0.002,-500.0,-0.0,-500.0
1,1,MSFT,Microsoft Corp,소프트웨어 및 IT서비스,예멘의 Houthi 반란,0.4600000000000008,-0.3100000000000023,0.0799999999999983,-0.1600000000000001,-0.3699999999999974,-0.0619999999999997,-741.9354838709722,500.0000000000058,-129.0322580645139
2,2,AMZN,Amazon.com Inc,다양한 소매업,예멘의 Houthi 반란,1.75,-2.4199999999999946,0.4699999999999988,-1.5700000000000005,0.0500000000000042,-0.7679999999999992,-227.8645833333336,315.1041666666663,-61.19791666666657
3,3,NVDA,NVIDIA Corp,반도체 및 반도체 장비,예멘의 Houthi 반란,-0.0099999999999997,-0.3499999999999996,-0.0099999999999997,-0.2000000000000001,-0.33,-0.1660000000000003,6.024096385542027,210.84337349397524,6.024096385542027
4,4,INTC,Intel Corp,반도체 및 반도체 장비,예멘의 Houthi 반란,0.2699999999999996,-0.6499999999999986,0.1099999999999994,-0.2699999999999996,-0.75,-0.1319999999999986,-204.54545454545635,492.4242424242465,-83.33333333333377
5,5,ASML,ASML Holding NV ADR,반도체 및 반도체 장비,예멘의 Houthi 반란,0.2699999999999996,-0.7800000000000011,-0.2100000000000008,0.0500000000000007,-0.7100000000000009,0.1240000000000002,217.7419354838703,-629.0322580645161,-169.35483870967784
6,6,CMCSA,Comcast Corp Class A,미디어 및 출판,예멘의 Houthi 반란,0.370000000000001,-0.2800000000000011,-0.3000000000000007,-0.2600000000000015,-0.3399999999999998,0.0159999999999989,2312.5000000001583,-1750.0000000001223,-1875.000000000128
7,7,NFLX,Netflix Inc,소프트웨어 및 IT서비스,예멘의 Houthi 반란,0.1200000000000001,-0.2599999999999998,-0.0500000000000007,-0.2600000000000007,0.0599999999999996,-0.1360000000000001,-88.23529411764706,191.17647058823496,36.76470588235343
8,8,ADBE,Adobe Inc,소프트웨어 및 IT서비스,예멘의 Houthi 반란,0.2199999999999988,-0.3299999999999983,0.3399999999999998,0.1099999999999994,-0.6600000000000001,0.1899999999999998,115.78947368421002,-173.684210526315,178.9473684210527
9,9,CSCO,Cisco Systems Inc,커뮤니케이션 및 네트워킹,예멘의 Houthi 반란,0.3099999999999987,-0.8599999999999994,0.1099999999999994,-0.2399999999999984,-0.370000000000001,-0.2879999999999988,-107.63888888888889,298.6111111111121,-38.1944444444444
10,10,PEP,PepsiCo Inc,음료,예멘의 Houthi 반란,0.3699999999999974,-0.740000000000002,0.6700000000000017,-0.3100000000000023,-0.0999999999999943,0.0139999999999986,2642.8571428573823,-5285.714285714816,4785.714285714765
11,11,TXN,Texas Instruments Inc,반도체 및 반도체 장비,예멘의 Houthi 반란,0.75,-1.129999999999999,-0.0399999999999991,-0.3299999999999983,-1.150000000000002,-0.2619999999999997,-286.2595419847331,431.2977099236642,15.267175572518774
12,12,TSM,Taiwan Semiconductor Manufacturing Co Ltd ADR,반도체 및 반도체 장비,예멘의 Houthi 반란,0.1500000000000003,-0.2699999999999996,0.1099999999999994,0.0099999999999997,-0.1000000000000014,0.0200000000000002,749.9999999999911,-1349.9999999999786,549.9999999999893
13,13,JPM,JPMorgan Chase & Co,은행,예멘의 Houthi 반란,0.1099999999999994,-0.8800000000000026,-0.8599999999999994,0.2399999999999948,-0.5700000000000003,-0.2219999999999999,-49.54954954954932,396.3963963963977,387.3873873873873
14,14,JNJ,Johnson & Johnson,제약,예멘의 Houthi 반란,0.1499999999999985,-0.5799999999999983,0.6300000000000026,-0.5399999999999991,1.5400000000000065,-0.0039999999999977,-3750.0000000020423,14500.000000007994,-15750.000000008791
15,15,WMT,Walmart Inc,식품 및 약품소매,예멘의 Houthi 반란,0.3699999999999974,-0.3999999999999986,1.1499999999999986,0.2399999999999948,0.3599999999999994,0.2060000000000002,179.61165048543543,-194.1747572815525,558.2524271844646
16,16,UNH,UnitedHealth Group Inc,헬스케어 업체 및 서비스,예멘의 Houthi 반란,-0.0899999999999963,-0.6599999999999966,0.5000000000000036,0.7000000000000028,-0.3199999999999967,0.2320000000000021,-38.79310344827391,-284.4827586206856,215.5172413793099
17,17,PG,Procter & Gamble Co,"개인, 가정 용품 및 서비스",예멘의 Houthi 반란,-0.2600000000000051,-0.7100000000000009,-0.279999999999994,-0.3500000000000014,0.0700000000000002,-0.1560000000000016,166.66666666666822,455.1282051282009,179.4871794871738
18,18,DIS,Walt Disney Co,미디어 및 출판,예멘의 Houthi 반란,0.3399999999999998,-0.2600000000000015,0.2999999999999971,0.1999999999999993,-0.4499999999999993,-0.0580000000000005,-586.2068965517184,448.2758620689641,-517.2413793103351
19,19,BAC,Bank of America Corp,은행,예멘의 Houthi 반란,0.1899999999999977,-0.5399999999999991,0.1899999999999977,0.1600000000000037,-0.0799999999999983,0.0740000000000009,256.7567567567505,-729.7297297297196,256.7567567567505
20,20,HD,Home Depot Inc,전문품 상점,예멘의 Houthi 반란,-0.0499999999999971,-0.5,-0.1700000000000017,0.0500000000000042,0.0300000000000011,0.004000000000002,-1249.9999999992897,-12499.999999993604,-4249.999999997868
21,21,VZ,Verizon Communications Inc,통신 서비스,예멘의 Houthi 반란,0.3599999999999994,-0.2000000000000028,0.3500000000000014,-0.5799999999999983,-0.0200000000000031,-0.3819999999999993,-94.24083769633508,52.35602094240921,-91.6230366492152
22,22,XOM,Exxon Mobil Corp,오일 및 가스,예멘의 Houthi 반란,-0.1200000000000045,-0.990000000000002,0.3900000000000005,0.1199999999999974,0.3800000000000025,0.159999999999998,-75.00000000000378,-618.750000000009,243.75000000000335
23,23,KO,Coca-Cola Co,음료,예멘의 Houthi 반란,0.3500000000000014,-0.379999999999999,0.2699999999999996,0.2300000000000004,-0.1199999999999974,0.1160000000000003,301.7241379310348,-327.5862068965498,232.75862068965404
24,24,T,AT&T Inc,통신 서비스,예멘의 Houthi 반란,0.3599999999999994,-0.3399999999999998,0.0899999999999998,-0.3299999999999983,0.1999999999999993,-0.2599999999999994,-138.46153846153854,130.769230769231,-34.615384615384635
25,25,TM,Toyota Motor Corp ADR,자동차 및 자동차 부품,예멘의 Houthi 반란,0.0699999999999931,0.1599999999999966,0.7600000000000051,1.019999999999996,0.1499999999999914,0.4760000000000019,14.705882352939684,33.61344537815041,159.66386554621891
26,26,ABT,Abbott Laboratories,헬스케어 장비 및 용품,예멘의 Houthi 반란,0.1700000000000017,-0.4499999999999993,0.0300000000000011,0.0599999999999987,0.9499999999999992,0.1280000000000001,132.81250000000122,-351.5624999999991,23.437500000000867
27,27,NKE,Nike Inc Class B,섬유 및 의류,예멘의 Houthi 반란,0.0499999999999989,-0.0899999999999998,0.0199999999999995,0.0,-0.0300000000000011,-0.0499999999999996,-99.99999999999858,180.000000000001,-39.99999999999944
28,28,CVX,Chevron Corp,오일 및 가스,예멘의 Houthi 반란,0.0700000000000002,-0.5399999999999991,-0.0100000000000051,-0.2800000000000011,0.2299999999999968,0.0219999999999984,318.18181818184166,-2454.545454545622,-45.454545454571885
29,29,ORCL,Oracle Corp,소프트웨어 및 IT서비스,예멘의 Houthi 반란,0.2699999999999996,-0.2899999999999991,0.08,-0.1799999999999997,-0.3399999999999998,-0.0519999999999999,-519.2307692307688,557.6923076923065,-153.84615384615412
30,30,PFE,Pfizer Inc,제약,예멘의 Houthi 반란,-0.1200000000000045,-0.5499999999999972,0.2100000000000008,0.2299999999999968,1.4300000000000068,0.0899999999999991,-133.33333333333965,-611.1111111111137,233.3333333333365
31,31,MRK,Merck & Co Inc,제약,예멘의 Houthi 반란,0.0399999999999991,-0.7299999999999969,0.3999999999999986,-0.1700000000000017,1.3299999999999983,0.1219999999999984,32.78688524590135,-598.3606557377099,327.8688524590193
32,32,NVS,Novartis AG ADR,제약,예멘의 Houthi 반란,0.1799999999999997,0.0500000000000042,0.0500000000000042,0.1500000000000056,0.7199999999999989,-0.0379999999999967,-473.68421052635614,-131.5789473684437,-131.5789473684437
33,33,ACN,Accenture PLC Class A,소프트웨어 및 IT서비스,예멘의 Houthi 반란,0.7300000000000004,-0.3699999999999974,-0.1499999999999985,-0.5799999999999983,-0.2000000000000028,-0.2119999999999997,-344.33962264151006,174.52830188679144,70.7547169811315
34,34,TMO,Thermo Fisher Scientific Inc,헬스케어 장비 및 용품,예멘의 Houthi 반란,-0.0599999999999987,-0.8399999999999999,0.370000000000001,0.4700000000000024,0.1499999999999985,0.1240000000000009,-48.38709677419216,-677.4193548387045,298.3870967741921
35,35,LLY,Eli Lilly and Co,제약,예멘의 Houthi 반란,0.9000000000000057,-1.1500000000000057,1.1599999999999966,-0.5300000000000011,1.9200000000000017,-0.0600000000000022,-1499.9999999999525,1916.6666666666035,-1933.3333333332544
36,36,MCD,Mcdonald's Corp,호텔 및 엔터테인먼트,예멘의 Houthi 반란,0.3000000000000007,-0.5,0.1999999999999993,0.2600000000000015,-0.0599999999999987,-0.0719999999999991,-416.6666666666724,694.4444444444524,-277.77777777778
37,37,DHR,Danaher Corp,헬스케어 장비 및 용품,예멘의 Houthi 반란,-0.0599999999999987,-0.3300000000000018,-0.1600000000000001,0.0500000000000007,0.240000000000002,-0.0519999999999996,115.3846153846138,634.615384615393,307.69230769231035
38,38,WFC,Wells Fargo & Co,은행,예멘의 Houthi 반란,0.0599999999999987,-0.2800000000000011,0.4499999999999993,0.5399999999999991,-0.1799999999999997,0.0719999999999998,83.3333333333317,-388.88888888889113,625.0
39,39,BHP,BHP Group Ltd ADR,메탈&마이닝,예멘의 Houthi 반란,-0.1099999999999994,-0.370000000000001,-0.3099999999999987,0.2200000000000024,0.0399999999999991,0.0080000000000012,-1374.999999999778,-4624.99999999929,-3874.9999999993775
0,0,AAPL,Apple Inc,"컴퓨터, 전화 및 가전제품",파타-하마스 분쟁,-0.1099999999999998,-0.08,-0.04,-0.0899999999999998,0.0499999999999998,-0.0779999999999999,141.025641025641,102.56410256410275,51.28205128205138
1,1,MSFT,Microsoft Corp,소프트웨어 및 IT서비스,파타-하마스 분쟁,-0.0100000000000015,-0.0599999999999987,0.5599999999999987,-0.0599999999999987,-0.0599999999999987,-0.096,10.416666666668286,62.49999999999861,-583.3333333333316
2,2,AMZN,Amazon.com Inc,다양한 소매업,파타-하마스 분쟁,-0.4499999999999957,0.7299999999999969,0.6700000000000017,0.3600000000000065,-0.4500000000000028,0.3000000000000042,-149.99999999999645,243.3333333333288,223.33333333333076
3,3,GOOGL,Alphabet Inc Class A,소프트웨어 및 IT서비스,파타-하마스 분쟁,-9.139999999999986,-2.6399999999999864,-0.75,3.5,9.939999999999998,-4.242000000000007,215.4644035832148,62.23479490806181,17.68033946251765
4,4,NVDA,NVIDIA Corp,반도체 및 반도체 장비,파타-하마스 분쟁,-0.1999999999999993,0.2900000000000009,0.0899999999999998,0.0399999999999991,-0.0300000000000011,0.1459999999999993,-136.98630136986313,198.6301369863029,61.64383561643852
5,5,INTC,Intel Corp,반도체 및 반도체 장비,파타-하마스 분쟁,-0.1899999999999977,0.0899999999999998,-0.0799999999999983,-0.25,-0.5700000000000003,-0.3700000000000003,51.35135135135069,-24.324324324324262,21.621621621621145
6,6,ASML,ASML Holding NV ADR,반도체 및 반도체 장비,파타-하마스 분쟁,0.5100000000000016,0.120000000000001,0.2799999999999976,0.5100000000000016,0.1300000000000025,0.0960000000000007,531.2499999999973,125.0,291.66666666666174
7,7,CMCSA,Comcast Corp Class A,미디어 및 출판,파타-하마스 분쟁,-0.0999999999999978,0.3000000000000007,0.2299999999999968,0.0300000000000011,-0.1700000000000017,-0.0019999999999996,5000.000000000889,-15000.00000000302,-11500.000000002134
8,8,NFLX,Netflix Inc,소프트웨어 및 IT서비스,파타-하마스 분쟁,0.0,0.0699999999999994,-0.1,0.1799999999999997,-0.04,0.0299999999999998,0.0,233.33333333333212,-333.3333333333348
9,9,ADBE,Adobe Inc,소프트웨어 및 IT서비스,파타-하마스 분쟁,0.3900000000000005,-0.3799999999999954,1.2399999999999949,1.1799999999999995,-0.8400000000000034,0.3559999999999988,109.55056179775332,-106.74157303370694,348.3146067415728
10,10,CSCO,Cisco Systems Inc,커뮤니케이션 및 네트워킹,파타-하마스 분쟁,0.2199999999999988,0.009999999999998,0.2000000000000028,0.1599999999999966,-0.379999999999999,0.0839999999999989,261.9047619047639,11.90476190475969,238.09523809524453
11,11,PEP,PepsiCo Inc,음료,파타-하마스 분쟁,-0.4600000000000008,-0.240000000000002,1.0900000000000034,0.490000000000002,0.240000000000002,-0.0079999999999998,5750.000000000133,3000.0000000000887,-13625.000000000333
12,12,TXN,Texas Instruments Inc,반도체 및 반도체 장비,파타-하마스 분쟁,-0.8000000000000007,0.0599999999999987,0.0300000000000011,-0.8200000000000003,-0.2899999999999991,-0.3660000000000004,218.5792349726776,-16.393442622950452,-8.196721311475711
13,13,TSM,Taiwan Semiconductor Manufacturing Co Ltd ADR,반도체 및 반도체 장비,파타-하마스 분쟁,-0.3099999999999987,0.3599999999999994,0.1199999999999992,0.0899999999999998,-0.0999999999999996,0.0179999999999996,-1722.2222222222515,2000.0000000000396,666.6666666666765
14,14,JPM,JPMorgan Chase & Co,은행,파타-하마스 분쟁,0.3200000000000003,0.8800000000000026,0.5,-0.1600000000000037,0.1300000000000025,-0.2380000000000023,-134.4537815126038,-369.7478991596613,-210.0840336134433
15,15,JNJ,Johnson & Johnson,제약,파타-하마스 분쟁,-2.5,-0.1099999999999994,-0.240000000000002,-0.8299999999999983,0.4399999999999977,-0.3579999999999998,698.324022346369,30.72625698324008,67.03910614525198
16,16,WMT,Walmart Inc,식품 및 약품소매,파타-하마스 분쟁,0.269999999999996,0.1099999999999994,-0.1499999999999985,0.1700000000000017,0.25,0.1700000000000003,158.8235294117621,64.70588235294073,-88.23529411764606
17,17,UNH,UnitedHealth Group Inc,헬스케어 업체 및 서비스,파타-하마스 분쟁,-0.75,-0.1000000000000014,0.2999999999999971,0.2600000000000051,-1.519999999999996,-0.2359999999999985,317.79661016949353,42.37288135593308,-127.1186440677962
18,18,PG,Procter & Gamble Co,"개인, 가정 용품 및 서비스",파타-하마스 분쟁,0.3699999999999974,0.0700000000000002,0.3400000000000034,-0.1300000000000025,-0.2000000000000028,-0.05,-739.9999999999949,-140.00000000000057,-680.0000000000068
19,19,DIS,Walt Disney Co,미디어 및 출판,파타-하마스 분쟁,-0.740000000000002,-0.4100000000000001,-0.0799999999999983,0.3900000000000005,-0.2300000000000004,0.3380000000000009,-218.9349112426035,-121.30177514792868,-23.668639053253862
20,20,BAC,Bank of America Corp,은행,파타-하마스 분쟁,0.480000000000004,-0.1000000000000014,-0.1000000000000014,0.1600000000000037,0.4600000000000008,-0.2579999999999998,-186.04651162790864,38.75968992248119,38.75968992248119
21,21,HD,Home Depot Inc,전문품 상점,파타-하마스 분쟁,-0.4400000000000048,0.2999999999999971,-0.2199999999999988,0.4600000000000008,-0.7100000000000009,0.0060000000000016,-7333.3333333314,4999.999999998579,-3666.6666666656406
22,22,VZ,Verizon Communications Inc,통신 서비스,파타-하마스 분쟁,0.3399999999999998,-0.0700000000000002,0.259999999999998,-0.259999999999998,-0.0500000000000007,-0.2599999999999994,-130.769230769231,26.923076923077087,-99.99999999999945
23,23,XOM,Exxon Mobil Corp,오일 및 가스,파타-하마스 분쟁,-1.1300000000000026,-0.8399999999999963,0.9299999999999996,0.0600000000000022,0.6700000000000017,-0.2759999999999991,409.4202898550748,304.34782608695616,-336.95652173913146
24,24,KO,Coca-Cola Co,음료,파타-하마스 분쟁,0.0,0.0999999999999978,0.240000000000002,-0.1500000000000021,0.25,-0.1520000000000003,-0.0,-65.789473684209,-157.89473684210623
25,25,T,AT&T Inc,통신 서비스,파타-하마스 분쟁,0.6799999999999997,0.120000000000001,0.2699999999999996,0.1600000000000001,-0.2300000000000004,0.096,708.3333333333325,125.00000000000094,281.2499999999993
26,26,TM,Toyota Motor Corp ADR,자동차 및 자동차 부품,파타-하마스 분쟁,-0.1899999999999977,-0.1700000000000017,-0.25,0.6400000000000006,0.1299999999999954,0.3900000000000005,-48.71794871794806,-43.58974358974396,-64.102564102564
27,27,ABT,Abbott Laboratories,헬스케어 장비 및 용품,파타-하마스 분쟁,0.4400000000000013,0.2800000000000011,-0.3900000000000005,-0.2299999999999968,0.0,-0.1479999999999989,-297.29729729730025,-189.18918918919127,263.5135135135157
28,28,NKE,Nike Inc Class B,섬유 및 의류,파타-하마스 분쟁,0.0199999999999995,-0.1400000000000005,-0.1399999999999988,-0.0399999999999991,-0.0199999999999995,-0.0359999999999999,-55.555555555554456,388.88888888889113,388.8888888888862
29,29,CVX,Chevron Corp,오일 및 가스,파타-하마스 분쟁,-1.0399999999999991,-1.2800000000000011,0.2800000000000011,0.0,1.1199999999999974,-0.1519999999999996,684.2105263157907,842.1052631578978,-184.2105263157907
30,30,ORCL,Oracle Corp,소프트웨어 및 IT서비스,파타-하마스 분쟁,0.1099999999999994,-0.120000000000001,-0.0399999999999991,-0.1500000000000003,-0.0099999999999997,-0.0940000000000004,-117.02127659574346,127.65957446808552,42.55319148936058
31,31,PFE,Pfizer Inc,제약,파타-하마스 분쟁,0.1099999999999994,0.1000000000000014,0.5399999999999991,-0.4100000000000001,0.0899999999999998,-0.2420000000000001,-45.45454545454519,-41.32231404958734,-223.14049586776807
32,32,MRK,Merck & Co Inc,제약,파타-하마스 분쟁,0.4899999999999949,0.6099999999999994,0.9000000000000057,0.0500000000000042,-0.3100000000000023,-0.0199999999999974,-2450.000000000288,-3050.000000000387,-4500.000000000604
33,33,NVS,Novartis AG ADR,제약,파타-하마스 분쟁,-0.2199999999999988,-0.1599999999999966,0.0799999999999983,-0.1499999999999985,-0.2099999999999937,-0.0239999999999994,916.6666666666816,666.6666666666667,-333.33333333333337
34,34,CRM,Salesforce.Com Inc,소프트웨어 및 IT서비스,파타-하마스 분쟁,-0.2199999999999988,0.1099999999999994,0.3600000000000012,0.0400000000000009,-0.0399999999999991,0.1760000000000005,-124.99999999999898,62.49999999999949,204.54545454545465
35,35,ACN,Accenture PLC Class A,소프트웨어 및 IT서비스,파타-하마스 분쟁,0.0999999999999978,0.2199999999999988,0.2300000000000004,0.0399999999999991,-0.1799999999999997,0.1839999999999996,54.34782608695548,119.56521739130396,125.00000000000048
36,36,TMO,Thermo Fisher Scientific Inc,헬스케어 장비 및 용품,파타-하마스 분쟁,-0.1299999999999954,-0.2199999999999988,0.1099999999999994,0.5899999999999963,0.1700000000000017,0.2579999999999977,-50.387596899223496,-85.2713178294577,42.63565891472885
37,37,LLY,Eli Lilly and Co,제약,파타-하마스 분쟁,-0.1799999999999997,-0.5700000000000003,0.759999999999998,-0.4100000000000037,0.1300000000000025,-0.3100000000000008,58.06451612903201,183.8709677419351,-245.16129032257936
38,38,MCD,Mcdonald's Corp,호텔 및 엔터테인먼트,파타-하마스 분쟁,-0.8400000000000034,-0.5600000000000023,0.1099999999999994,-0.0899999999999963,-0.1499999999999985,0.1580000000000026,-531.6455696202463,-354.4303797468309,69.62025316455542
39,39,DHR,Danaher Corp,헬스케어 장비 및 용품,파타-하마스 분쟁,-0.1500000000000021,0.0,-0.0800000000000018,0.1600000000000001,-0.0199999999999995,-0.0019999999999996,7500.000000001599,-0.0,4000.000000000888
40,40,WFC,Wells Fargo & Co,은행,파타-하마스 분쟁,0.1600000000000001,0.0500000000000007,0.0600000000000022,-0.0199999999999995,0.0500000000000007,-0.1199999999999995,-133.33333333333394,-41.66666666666741,-50.00000000000207
41,41,BHP,BHP Group Ltd ADR,메탈&마이닝,파타-하마스 분쟁,0.6999999999999957,0.4100000000000037,0.259999999999998,0.2999999999999971,-0.1900000000000048,-0.0579999999999998,-1206.8965517241345,-706.8965517241463,-448.2758620689634
0,0,AAPL,Apple Inc,"컴퓨터, 전화 및 가전제품",2006년레바논전쟁,-0.08,0.02,-0.02,-0.06,0.08,-0.048,166.66666666666669,-41.66666666666667,41.66666666666667
1,1,MSFT,Microsoft Corp,소프트웨어 및 IT서비스,2006년레바논전쟁,-0.25,-0.2199999999999988,0.2899999999999991,-0.2299999999999968,0.0799999999999983,-0.2419999999999987,103.30578512396748,90.9090909090909,-119.83471074380192
2,2,AMZN,Amazon.com Inc,다양한 소매업,2006년레바논전쟁,-0.3999999999999986,-0.0200000000000031,0.1799999999999997,0.2800000000000011,0.0,-0.0419999999999987,952.3809523809774,47.61904761905648,-428.5714285714407
3,3,GOOGL,Alphabet Inc Class A,소프트웨어 및 IT서비스,2006년레바논전쟁,-3.4000000000000057,2.819999999999993,-2.719999999999999,-2.819999999999993,2.780000000000001,-0.6359999999999957,534.591194968558,-443.3962264150962,427.6729559748456
4,4,NVDA,NVIDIA Corp,반도체 및 반도체 장비,2006년레바논전쟁,-0.5400000000000009,-0.1999999999999993,0.3100000000000005,-0.2400000000000002,-0.1000000000000014,-0.416,129.80769230769252,48.0769230769229,-74.51923076923089
5,5,INTC,Intel Corp,반도체 및 반도체 장비,2006년레바논전쟁,-0.3900000000000005,0.3300000000000018,0.240000000000002,0.0500000000000007,-0.129999999999999,-0.1660000000000003,234.9397590361444,-198.79518072289224,-144.57831325301294
6,6,ASML,ASML Holding NV ADR,반도체 및 반도체 장비,2006년레바논전쟁,-0.4299999999999997,-0.1699999999999981,0.2699999999999996,-0.3499999999999978,-0.0199999999999995,-0.2919999999999987,147.26027397260327,58.21917808219139,-92.46575342465778
7,7,CMCSA,Comcast Corp Class A,미디어 및 출판,2006년레바논전쟁,-0.2200000000000024,-0.0700000000000002,-0.009999999999998,-0.1300000000000025,0.1900000000000012,-0.1080000000000012,203.7037037037036,64.81481481481433,9.25925925925731
8,8,NFLX,Netflix Inc,소프트웨어 및 IT서비스,2006년레바논전쟁,-0.0499999999999998,0.0900000000000003,0.04,-0.0499999999999998,0.2299999999999999,-0.062,80.64516129032228,-145.1612903225811,-64.5161290322581
9,9,ADBE,Adobe Inc,소프트웨어 및 IT서비스,2006년레바논전쟁,0.1499999999999985,-0.1600000000000001,-0.5300000000000011,-0.0400000000000027,-0.6199999999999974,-0.084000000000001,-178.57142857142466,190.47619047618824,630.9523809523745
10,10,CSCO,Cisco Systems Inc,커뮤니케이션 및 네트워킹,2006년레바논전쟁,-0.4699999999999988,-0.0300000000000011,0.2100000000000008,0.0700000000000002,0.129999999999999,-0.0860000000000006,546.5116279069713,34.883720930233615,-244.186046511627
11,11,PEP,PepsiCo Inc,음료,2006년레바논전쟁,-0.0600000000000022,-0.4600000000000008,0.1199999999999974,-0.0700000000000002,-0.029999999999994,-0.1279999999999987,46.87500000000225,359.3750000000043,-93.74999999999896
12,12,TXN,Texas Instruments Inc,반도체 및 반도체 장비,2006년레바논전쟁,-0.759999999999998,0.1799999999999997,-0.1000000000000014,-1.879999999999999,0.0899999999999998,-1.132,67.13780918727898,-15.901060070671353,8.833922261484224
13,13,TSM,Taiwan Semiconductor Manufacturing Co Ltd ADR,반도체 및 반도체 장비,2006년레바논전쟁,-0.1799999999999997,-0.1300000000000007,-0.0299999999999993,-0.3899999999999988,0.0999999999999996,-0.2599999999999994,69.23076923076927,50.00000000000041,11.538461538461316
14,14,JPM,JPMorgan Chase & Co,은행,2006년레바논전쟁,-0.5,-0.8200000000000003,-0.6700000000000017,-0.25,0.3500000000000014,-0.3799999999999983,131.57894736842164,215.7894736842116,176.31578947368544
15,15,JNJ,Johnson & Johnson,제약,2006년레바논전쟁,-0.0700000000000002,-0.5,-0.0300000000000011,-0.0499999999999971,0.3800000000000025,0.0460000000000022,-152.17391304347154,-1086.956521739078,-65.21739130434715
16,16,WMT,Walmart Inc,식품 및 약품소매,2006년레바논전쟁,-0.1099999999999994,0.4399999999999977,0.1499999999999985,-0.019999999999996,0.2099999999999937,-0.1920000000000001,57.29166666666632,-229.1666666666653,-78.12499999999919
17,17,MA,Mastercard Inc Class A,소프트웨어 및 IT서비스,2006년레바논전쟁,-0.0999999999999996,-0.0700000000000002,0.0199999999999995,-0.0999999999999996,0.0099999999999997,-0.0459999999999999,217.39130434782572,152.1739130434792,-43.47826086956438
18,18,UNH,UnitedHealth Group Inc,헬스케어 업체 및 서비스,2006년레바논전쟁,-0.6100000000000065,0.6099999999999994,0.2199999999999988,-0.2299999999999968,-0.4699999999999988,-0.2539999999999992,240.15748031496395,-240.15748031496116,-86.61417322834627
19,19,PG,Procter & Gamble Co,"개인, 가정 용품 및 서비스",2006년레바논전쟁,-0.259999999999998,-0.1899999999999977,0.8299999999999983,-0.0700000000000002,1.240000000000002,-0.1719999999999998,151.1627906976734,110.46511627906852,-482.5581395348831
20,20,DIS,Walt Disney Co,미디어 및 출판,2006년레바논전쟁,0.4899999999999984,-0.240000000000002,0.6799999999999997,-0.5799999999999983,-0.5700000000000003,-0.2560000000000002,-191.40624999999923,93.75000000000068,-265.62499999999966
21,21,BAC,Bank of America Corp,은행,2006년레바논전쟁,-0.3900000000000005,-1.0799999999999983,-0.3399999999999963,-0.0600000000000022,0.3700000000000045,-0.1,390.00000000000057,1079.9999999999982,339.9999999999963
22,22,HD,Home Depot Inc,전문품 상점,2006년레바논전쟁,-0.6400000000000006,0.1899999999999977,0.6199999999999974,-0.1499999999999985,0.6799999999999997,-0.2679999999999992,238.80597014925465,-70.89552238805905,-231.34328358208927
23,23,VZ,Verizon Communications Inc,통신 서비스,2006년레바논전쟁,-0.2899999999999991,0.1099999999999994,0.0200000000000031,-0.0200000000000031,-0.2900000000000027,-0.0600000000000001,483.3333333333308,-183.33333333333195,-33.333333333338466
24,24,XOM,Exxon Mobil Corp,오일 및 가스,2006년레바논전쟁,-0.8099999999999952,-1.1000000000000014,1.1499999999999986,-1.0900000000000034,1.1899999999999975,-1.0620000000000018,76.27118644067737,103.578154425612,-108.28625235404866
25,25,KO,Coca-Cola Co,음료,2006년레바논전쟁,-0.1799999999999997,-0.1400000000000005,0.0,-0.129999999999999,-0.0300000000000011,-0.1219999999999991,147.54098360655814,114.75409836065695,-0.0
26,26,T,AT&T Inc,통신 서비스,2006년레바논전쟁,-0.0300000000000011,0.3599999999999994,0.2000000000000028,0.0700000000000002,-0.0900000000000034,0.0020000000000003,-1499.9999999998224,17999.99999999716,9999.99999999858
27,27,TM,Toyota Motor Corp ADR,자동차 및 자동차 부품,2006년레바논전쟁,-1.1200000000000043,-1.3900000000000006,1.289999999999992,-1.4500000000000028,0.75,-1.1640000000000017,96.21993127147792,119.41580756013734,-110.82474226804042
28,28,ABT,Abbott Laboratories,헬스케어 장비 및 용품,2006년레바논전쟁,-0.129999999999999,-0.1300000000000025,0.2399999999999984,-0.1099999999999994,0.3200000000000003,-0.0779999999999994,166.66666666666669,166.66666666667123,-307.6923076923081
29,29,NKE,Nike Inc Class B,섬유 및 의류,2006년레바논전쟁,-0.0199999999999995,0.0500000000000007,0.1099999999999994,0.0200000000000013,0.0099999999999997,-0.0239999999999998,83.33333333333209,-208.3333333333377,-458.33333333333394
30,30,CVX,Chevron Corp,오일 및 가스,2006년레바논전쟁,-0.2899999999999991,-0.8100000000000023,0.6799999999999997,-0.4299999999999997,1.0899999999999963,-0.947999999999999,30.590717299578003,85.44303797468388,-71.72995780590722
31,31,ORCL,Oracle Corp,소프트웨어 및 IT서비스,2006년레바논전쟁,-0.2100000000000008,-0.1199999999999992,0.0399999999999991,-0.0199999999999995,0.08,-0.1440000000000001,145.8333333333338,83.33333333333272,-27.777777777777164
32,32,PFE,Pfizer Inc,제약,2006년레바논전쟁,-0.2600000000000015,-0.1999999999999993,0.0999999999999978,-0.1199999999999974,0.1600000000000001,-0.1819999999999986,142.85714285714482,109.89010989011034,-54.9450549450542
33,33,MRK,Merck & Co Inc,제약,2006년레바논전쟁,-0.6900000000000048,0.0499999999999971,-0.0700000000000002,-0.1899999999999977,0.0499999999999971,-0.1359999999999999,507.3529411764743,-36.76470588235086,51.47058823529434
34,34,NVS,Novartis AG ADR,제약,2006년레바논전쟁,-0.25,-0.5,-0.3200000000000003,-0.019999999999996,-0.0700000000000002,-0.2359999999999985,105.9322033898312,211.8644067796624,135.59322033898405
35,35,CRM,Salesforce.Com Inc,소프트웨어 및 IT서비스,2006년레바논전쟁,-0.2800000000000002,0.1699999999999999,0.0199999999999995,-0.1800000000000006,-0.2300000000000004,-0.2640000000000002,106.06060606060606,-64.39393939393932,-7.575757575757408
36,36,ACN,Accenture PLC Class A,소프트웨어 및 IT서비스,2006년레바논전쟁,-0.2899999999999991,-0.1799999999999997,0.0100000000000015,-0.2900000000000027,0.0599999999999987,-0.2760000000000005,105.07246376811544,65.2173913043476,-3.6231884057976607
37,37,TMO,Thermo Fisher Scientific Inc,헬스케어 장비 및 용품,2006년레바논전쟁,-0.5599999999999952,0.009999999999998,-0.1999999999999957,-0.009999999999998,-0.1700000000000017,-0.1359999999999985,411.7647058823539,-7.352941176469206,147.05882352941023
38,38,LLY,Eli Lilly and Co,제약,2006년레바논전쟁,-0.6700000000000017,-0.1899999999999977,0.9200000000000016,-0.009999999999998,0.3599999999999994,-0.0519999999999981,1288.4615384615868,365.3846153846238,-1769.2307692308343
39,39,MCD,Mcdonald's Corp,호텔 및 엔터테인먼트,2006년레바논전쟁,-0.5700000000000003,-1.5299999999999976,0.8500000000000014,-0.269999999999996,0.1199999999999974,-0.2039999999999978,279.4117647058856,750.0000000000069,-416.6666666666719
40,40,DHR,Danaher Corp,헬스케어 장비 및 용품,2006년레바논전쟁,-1.1000000000000014,-0.2600000000000015,-0.1799999999999997,0.0700000000000002,0.3399999999999998,-0.2539999999999992,433.0708661417342,102.36220472441038,70.86614173228357
41,41,WFC,Wells Fargo & Co,은행,2006년레바논전쟁,0.0399999999999991,-0.9200000000000016,-0.2399999999999948,-0.1999999999999957,0.730000000000004,-0.0579999999999998,-68.96551724137804,1586.2068965517317,413.79310344826825
42,42,BHP,BHP Group Ltd ADR,메탈&마이닝,2006년레바논전쟁,-1.25,-0.3500000000000014,0.4500000000000028,0.1400000000000005,-0.1400000000000005,-0.1679999999999992,744.0476190476223,208.33333333333508,-267.85714285714573
0,0,AAPL,Apple Inc,"컴퓨터, 전화 및 가전제품",멕시코마약전쟁,0.0,-0.08,0.04,0.0299999999999998,-0.1100000000000003,-0.0020000000000001,-0.0,3999.9999999997335,-1999.9999999998668
1,1,MSFT,Microsoft Corp,소프트웨어 및 IT서비스,멕시코마약전쟁,0.3499999999999978,-0.129999999999999,-0.0500000000000007,0.5799999999999983,-0.1099999999999994,0.1859999999999985,188.17204301075304,-69.89247311827958,-26.88172043010812
2,2,AMZN,Amazon.com Inc,다양한 소매업,멕시코마약전쟁,0.4699999999999988,0.0200000000000031,-0.2000000000000028,0.5399999999999991,-0.8100000000000023,0.1699999999999974,276.4705882352976,11.764705882354958,-117.64705882353286
3,3,GOOGL,Alphabet Inc Class A,소프트웨어 및 IT서비스,멕시코마약전쟁,-0.5,-1.039999999999992,-2.8500000000000227,1.0900000000000034,-3.799999999999983,0.7560000000000059,-66.13756613756561,-137.56613756613544,-376.98412698412704
4,4,NVDA,NVIDIA Corp,반도체 및 반도체 장비,멕시코마약전쟁,0.3999999999999986,-0.0700000000000002,0.0899999999999998,0.0899999999999998,-0.5899999999999999,0.1459999999999993,273.97260273972626,-47.94520547945245,61.64383561643852
5,5,INTC,Intel Corp,반도체 및 반도체 장비,멕시코마약전쟁,0.0799999999999983,0.0500000000000007,-0.1799999999999997,0.0199999999999995,-0.360000000000003,-0.0320000000000007,-249.9999999999889,-156.24999999999864,562.4999999999861
6,6,ASML,ASML Holding NV ADR,반도체 및 반도체 장비,멕시코마약전쟁,-0.0100000000000015,-0.0300000000000011,-0.1499999999999985,-0.0300000000000011,-0.5300000000000011,0.079999999999999,-12.50000000000211,-37.50000000000189,-187.50000000000057
7,7,CMCSA,Comcast Corp Class A,미디어 및 출판,멕시코마약전쟁,0.4800000000000004,0.1499999999999985,-0.3399999999999998,0.3099999999999987,-0.2200000000000024,0.243999999999999,196.7213114754108,61.47540983606523,-139.34426229508244
8,8,NFLX,Netflix Inc,소프트웨어 및 IT서비스,멕시코마약전쟁,0.0300000000000002,-0.0200000000000004,-0.0200000000000004,-0.0099999999999997,-0.0999999999999996,-0.03,-100.0000000000006,66.66666666666805,66.66666666666805
9,9,ADBE,Adobe Inc,소프트웨어 및 IT서비스,멕시코마약전쟁,0.2899999999999991,0.019999999999996,-0.2900000000000062,0.730000000000004,-1.009999999999998,0.0260000000000019,1115.384615384529,76.9230769230559,-1115.3846153845566
10,10,CSCO,Cisco Systems Inc,커뮤니케이션 및 네트워킹,멕시코마약전쟁,0.2100000000000008,-0.0400000000000027,-0.0899999999999998,0.1000000000000014,-0.3200000000000003,0.0260000000000005,807.692307692295,-153.8461538461612,-346.1538461538388
11,11,PEP,PepsiCo Inc,음료,멕시코마약전쟁,-0.4500000000000028,-0.009999999999998,-0.3300000000000054,0.2700000000000031,-0.2299999999999968,0.4440000000000026,-101.3513513513514,-2.252252252251791,-74.3243243243251
12,12,TXN,Texas Instruments Inc,반도체 및 반도체 장비,멕시코마약전쟁,-0.0999999999999978,0.2199999999999988,-0.4600000000000008,-0.1799999999999997,-0.4499999999999993,0.0200000000000002,-499.9999999999823,1099.9999999999786,-2299.999999999972
13,13,TSM,Taiwan Semiconductor Manufacturing Co Ltd ADR,반도체 및 반도체 장비,멕시코마약전쟁,-0.0499999999999989,-0.1000000000000014,-0.1600000000000001,0.0600000000000005,0.0099999999999997,0.1059999999999998,-47.169811320753766,-94.33962264151089,-150.94339622641542
14,14,JPM,JPMorgan Chase & Co,은행,멕시코마약전쟁,0.8499999999999943,0.0700000000000002,-0.1799999999999997,0.1000000000000014,-0.4499999999999957,0.1640000000000014,518.2926829268212,42.68292682926808,-109.75609756097444
15,15,JNJ,Johnson & Johnson,제약,멕시코마약전쟁,-0.2599999999999909,-0.2000000000000028,-0.3299999999999983,0.0499999999999971,-0.1899999999999977,-0.0819999999999993,317.07317073169884,243.9024390243957,402.4390243902452
16,16,WMT,Walmart Inc,식품 및 약품소매,멕시코마약전쟁,-0.4500000000000028,-0.2700000000000031,0.0,0.0500000000000042,-0.3300000000000054,0.0840000000000003,-535.7142857142869,-321.42857142857383,0.0
17,17,MA,Mastercard Inc Class A,소프트웨어 및 IT서비스,멕시코마약전쟁,-0.0999999999999996,-0.2999999999999989,-0.1199999999999992,0.0399999999999991,0.0400000000000009,-0.0580000000000001,172.41379310344712,517.2413793103414,206.89655172413595
18,18,UNH,UnitedHealth Group Inc,헬스케어 업체 및 서비스,멕시코마약전쟁,0.1900000000000048,0.1300000000000025,-0.7199999999999989,0.5399999999999991,0.4100000000000037,0.1799999999999983,105.55555555555924,72.22222222222433,-400.0000000000031
19,19,PG,Procter & Gamble Co,"개인, 가정 용품 및 서비스",멕시코마약전쟁,0.1699999999999946,-0.2199999999999988,-0.3299999999999983,0.1899999999999977,-0.1500000000000056,0.2079999999999984,81.73076923076727,-105.76923076923104,-158.65384615384656
20,20,DIS,Walt Disney Co,미디어 및 출판,멕시코마약전쟁,0.2299999999999968,0.1000000000000014,0.009999999999998,0.3799999999999954,0.0899999999999963,0.359999999999998,63.88888888888837,27.77777777777833,2.7777777777772403
21,21,BAC,Bank of America Corp,은행,멕시코마약전쟁,-0.6700000000000017,0.3499999999999943,-0.1099999999999994,-0.6400000000000006,-0.1299999999999954,-0.2120000000000004,316.0377358490567,-165.09433962263847,51.88679245282981
22,22,HD,Home Depot Inc,전문품 상점,멕시코마약전쟁,-0.009999999999998,0.0,0.1599999999999966,-0.1700000000000017,-0.6400000000000006,0.1079999999999984,-9.259259259257554,0.0,148.1481481481472
23,23,VZ,Verizon Communications Inc,통신 서비스,멕시코마약전쟁,0.1799999999999997,0.1400000000000005,0.0899999999999963,0.3100000000000023,-0.009999999999998,0.1260000000000019,142.85714285714042,111.11111111110984,71.4285714285674
24,24,XOM,Exxon Mobil Corp,오일 및 가스,멕시코마약전쟁,0.1099999999999994,0.9399999999999976,0.9099999999999966,-0.7000000000000028,-0.5900000000000034,-0.4780000000000001,-23.012552301255106,-196.65271966527143,-190.37656903765617
25,25,KO,Coca-Cola Co,음료,멕시코마약전쟁,-0.0199999999999995,0.0700000000000002,-0.1499999999999985,0.0599999999999987,0.0700000000000002,0.1679999999999999,-11.904761904761653,41.66666666666684,-89.28571428571345
26,26,T,AT&T Inc,통신 서비스,멕시코마약전쟁,0.2999999999999971,0.4399999999999977,-0.25,0.5300000000000011,-0.2399999999999948,0.3040000000000006,98.68421052631466,144.73684210526213,-82.236842105263
27,27,TM,Toyota Motor Corp ADR,자동차 및 자동차 부품,멕시코마약전쟁,-0.0300000000000011,0.6099999999999994,-0.3499999999999943,0.0999999999999943,-0.7399999999999949,0.4379999999999995,-6.849315068493417,139.2694063926941,-79.90867579908554
28,28,ABT,Abbott Laboratories,헬스케어 장비 및 용품,멕시코마약전쟁,-0.0400000000000027,0.0199999999999995,-0.0199999999999995,-0.1099999999999994,-0.1300000000000025,-0.079999999999999,50.00000000000399,-24.99999999999978,24.99999999999978
29,29,NKE,Nike Inc Class B,섬유 및 의류,멕시코마약전쟁,0.0600000000000005,-0.0899999999999998,-0.0599999999999987,-0.0499999999999989,-0.0099999999999997,0.0120000000000004,499.9999999999852,-749.9999999999704,-499.9999999999704
30,30,CVX,Chevron Corp,오일 및 가스,멕시코마약전쟁,0.8700000000000045,-0.6099999999999994,-0.1299999999999954,-0.7900000000000063,-0.3400000000000034,-0.2379999999999995,-365.5462184873976,256.30252100840363,54.62184873949399
31,31,ORCL,Oracle Corp,소프트웨어 및 IT서비스,멕시코마약전쟁,0.3000000000000007,-0.2200000000000024,-0.1999999999999993,0.2100000000000008,-0.120000000000001,-0.0299999999999997,-1000.000000000012,733.3333333333484,666.6666666666706
32,32,PFE,Pfizer Inc,제약,멕시코마약전쟁,-0.120000000000001,0.120000000000001,0.1700000000000017,0.3000000000000007,-0.120000000000001,0.316000000000001,-37.97468354430399,37.97468354430399,53.79746835443074
33,33,MRK,Merck & Co Inc,제약,멕시코마약전쟁,0.0599999999999951,-0.6700000000000017,-0.2999999999999971,0.1400000000000005,-0.9599999999999936,0.0940000000000012,63.82978723403661,-712.7659574468013,-319.1489361702057
34,34,NVS,Novartis AG ADR,제약,멕시코마약전쟁,0.1400000000000005,0.0799999999999983,-0.1599999999999966,-0.0899999999999963,-0.3000000000000042,0.0480000000000018,291.6666666666568,166.6666666666568,-333.3333333333136
35,35,CRM,Salesforce.Com Inc,소프트웨어 및 IT서비스,멕시코마약전쟁,0.0099999999999997,0.3200000000000003,-0.2600000000000015,0.1800000000000015,-0.0600000000000005,0.0900000000000009,11.11111111111076,355.5555555555522,-288.88888888888766
36,36,ACN,Accenture PLC Class A,소프트웨어 및 IT서비스,멕시코마약전쟁,-0.2700000000000031,0.25,0.0700000000000002,-0.1700000000000017,0.0399999999999991,0.0780000000000001,-346.15384615384966,320.51282051282004,89.74358974358998
37,37,TMO,Thermo Fisher Scientific Inc,헬스케어 장비 및 용품,멕시코마약전쟁,-0.3800000000000025,-0.25,-0.6499999999999986,-0.259999999999998,0.0799999999999983,0.1240000000000009,-306.4516129032256,-201.61290322580496,-524.1935483870917
38,38,LLY,Eli Lilly and Co,제약,멕시코마약전쟁,0.0799999999999983,-0.1799999999999997,-0.5,0.2000000000000028,-0.1099999999999994,0.3480000000000018,22.988505747125828,-51.72413793103413,-143.6781609195395
39,39,MCD,Mcdonald's Corp,호텔 및 엔터테인먼트,멕시코마약전쟁,0.0799999999999983,-0.4500000000000028,0.3900000000000005,0.2399999999999948,0.2800000000000011,0.1899999999999977,42.10526315789435,-236.84210526316224,205.2631578947396
40,40,DHR,Danaher Corp,헬스케어 장비 및 용품,멕시코마약전쟁,0.0300000000000011,0.269999999999996,-0.3200000000000003,-0.019999999999996,-0.1400000000000005,0.1500000000000014,20.00000000000057,179.99999999999565,-213.3333333333315
41,41,WFC,Wells Fargo & Co,은행,멕시코마약전쟁,-0.0399999999999991,0.0200000000000031,0.0,0.0300000000000011,-0.1599999999999966,0.0480000000000032,-83.33333333332592,41.666666666670366,0.0
42,42,BHP,BHP Group Ltd ADR,메탈&마이닝,멕시코마약전쟁,0.009999999999998,-0.4499999999999957,0.0500000000000042,0.1199999999999974,-0.1999999999999957,0.1979999999999989,5.050505050504071,-227.27272727272629,25.252525252527537
0,0,AAPL,Apple Inc,"컴퓨터, 전화 및 가전제품",영원한자유작전-트랜스사하라,-0.0100000000000002,0.06,0.0300000000000002,-0.0099999999999997,0.0299999999999998,-0.0139999999999998,71.42857142857369,-428.5714285714327,-214.28571428571792
1,1,MSFT,Microsoft Corp,소프트웨어 및 IT서비스,영원한자유작전-트랜스사하라,-0.0799999999999983,-0.2699999999999996,0.0200000000000031,-0.3599999999999994,-0.629999999999999,-0.1280000000000001,62.49999999999861,210.93749999999943,-15.625000000002428
2,2,AMZN,Amazon.com Inc,다양한 소매업,영원한자유작전-트랜스사하라,1.0700000000000005,0.4899999999999949,0.1499999999999985,-0.0900000000000034,0.1600000000000037,0.209999999999998,509.52380952381446,233.3333333333331,71.42857142857143
3,3,GOOGL,Alphabet Inc Class A,소프트웨어 및 IT서비스,영원한자유작전-트랜스사하라,1.6899999999999975,-2.0,1.490000000000009,-5.169999999999988,-0.5600000000000023,-3.963999999999993,-42.63370332996975,50.45408678102935,-37.5882946518671
4,4,NVDA,NVIDIA Corp,반도체 및 반도체 장비,영원한자유작전-트랜스사하라,0.2800000000000011,0.6899999999999977,0.0500000000000007,0.25,0.4200000000000017,0.2460000000000008,113.8211382113822,280.4878048780469,20.325203252032743
5,5,INTC,Intel Corp,반도체 및 반도체 장비,영원한자유작전-트랜스사하라,-0.0600000000000022,0.1300000000000025,0.0599999999999987,0.0600000000000022,0.0899999999999998,0.0180000000000006,-333.33333333333337,722.2222222222091,333.3333333333136
6,6,ASML,ASML Holding NV ADR,반도체 및 반도체 장비,영원한자유작전-트랜스사하라,-0.0599999999999987,0.2699999999999996,0.2200000000000024,0.0900000000000034,0.2300000000000004,0.1280000000000015,-46.87499999999844,210.9374999999972,171.87499999999986
7,7,CMCSA,Comcast Corp Class A,미디어 및 출판,영원한자유작전-트랜스사하라,-0.2300000000000004,0.0600000000000022,-0.7800000000000011,-0.2299999999999968,0.0300000000000011,-0.1479999999999989,155.40540540540678,-40.54054054054236,527.0270270270314
8,8,NFLX,Netflix Inc,소프트웨어 및 IT서비스,영원한자유작전-트랜스사하라,-0.02,0.0899999999999998,0.04,-0.06,0.0099999999999997,-0.0160000000000001,124.99999999999928,-562.4999999999955,-249.99999999999855
9,9,ADBE,Adobe Inc,소프트웨어 및 IT서비스,영원한자유작전-트랜스사하라,-0.6199999999999974,-0.5,-0.1300000000000025,-0.6000000000000014,-0.0799999999999983,-0.3800000000000011,163.15789473684094,131.57894736842067,34.21052631579005
10,10,CSCO,Cisco Systems Inc,커뮤니케이션 및 네트워킹,영원한자유작전-트랜스사하라,-0.4699999999999988,-0.5300000000000011,0.240000000000002,0.0899999999999998,0.2300000000000004,0.0979999999999996,-479.5918367346943,-540.8163265306151,244.89795918367628
11,11,PEP,PepsiCo Inc,음료,영원한자유작전-트랜스사하라,-0.4500000000000028,0.0999999999999943,0.0600000000000022,-0.1700000000000017,0.3900000000000005,0.1179999999999978,-381.3559322033992,84.74576271186113,50.84745762712149
12,12,TXN,Texas Instruments Inc,반도체 및 반도체 장비,영원한자유작전-트랜스사하라,-0.3200000000000003,0.0399999999999991,0.1799999999999997,0.0799999999999983,-0.1499999999999985,0.0720000000000005,-444.4444444444412,55.55555555555392,249.9999999999976
13,13,TSM,Taiwan Semiconductor Manufacturing Co Ltd ADR,반도체 및 반도체 장비,영원한자유작전-트랜스사하라,-0.0299999999999993,0.1799999999999997,-0.0500000000000007,0.0099999999999997,-0.1400000000000005,0.0620000000000001,-48.38709677419244,290.3225806451604,-80.6451612903236
14,14,JPM,JPMorgan Chase & Co,은행,영원한자유작전-트랜스사하라,0.1499999999999985,0.3699999999999974,-0.1300000000000025,0.1499999999999985,-0.2899999999999991,0.3779999999999986,39.68253968253945,97.88359788359756,-34.39153439153519
15,15,JNJ,Johnson & Johnson,제약,영원한자유작전-트랜스사하라,-0.3900000000000005,-0.2000000000000028,0.0,-0.0799999999999983,-0.4200000000000017,0.1400000000000005,-278.5714285714279,-142.8571428571443,0.0
16,16,WMT,Walmart Inc,식품 및 약품소매,영원한자유작전-트랜스사하라,-0.0300000000000011,0.1899999999999977,-0.0499999999999971,0.0800000000000054,0.3299999999999983,0.090000000000002,-33.33333333333386,211.11111111110392,-55.55555555555116
17,17,MA,Mastercard Inc Class A,소프트웨어 및 IT서비스,영원한자유작전-트랜스사하라,-0.0199999999999995,0.1399999999999988,0.2700000000000013,-0.0200000000000013,-0.1500000000000003,0.0179999999999992,-111.11111111111332,777.7777777778031,1500.0000000000691
18,18,UNH,UnitedHealth Group Inc,헬스케어 업체 및 서비스,영원한자유작전-트랜스사하라,-0.8099999999999952,-0.1400000000000005,-0.0399999999999991,0.3799999999999954,0.0599999999999951,0.2479999999999961,-326.6129032258096,-56.45161290322691,-16.129032258064424
19,19,PG,Procter & Gamble Co,"개인, 가정 용품 및 서비스",영원한자유작전-트랜스사하라,-0.5600000000000023,-0.3399999999999892,0.480000000000004,0.0300000000000011,-0.2399999999999948,0.2100000000000022,-266.66666666666487,-161.90476190475502,228.571428571428
20,20,DIS,Walt Disney Co,미디어 및 출판,영원한자유작전-트랜스사하라,-0.2099999999999937,0.1299999999999954,-0.730000000000004,-0.1299999999999954,0.1599999999999966,0.0180000000000021,-1166.6666666664955,722.2222222221126,-4055.555555555104
21,21,BAC,Bank of America Corp,은행,영원한자유작전-트랜스사하라,0.4399999999999977,0.009999999999998,-0.0300000000000011,0.1400000000000005,-0.0899999999999963,0.3079999999999998,142.8571428571422,3.2467532467526024,-9.740259740260116
22,22,HD,Home Depot Inc,전문품 상점,영원한자유작전-트랜스사하라,0.1799999999999997,0.1400000000000005,-0.1299999999999954,0.3599999999999994,-0.0700000000000002,0.3719999999999999,48.38709677419349,37.63440860215071,-34.94623655913857
23,23,VZ,Verizon Communications Inc,통신 서비스,영원한자유작전-트랜스사하라,0.0300000000000011,0.009999999999998,-0.0799999999999983,0.0700000000000002,-0.0300000000000011,1.4210854715202005e-15,2111062325330000.0,703687441776500.0,-5629499534213000.0
24,24,XOM,Exxon Mobil Corp,오일 및 가스,영원한자유작전-트랜스사하라,-0.4000000000000057,-0.6099999999999994,1.1799999999999926,0.019999999999996,0.5400000000000063,0.2379999999999967,-168.06722689076102,-256.30252100840664,495.7983193277348
25,25,KO,Coca-Cola Co,음료,영원한자유작전-트랜스사하라,0.0199999999999995,0.0,-0.0500000000000007,-0.1000000000000014,0.0700000000000002,-0.0219999999999998,-90.90909090908944,-0.0,227.2727272727317
26,26,T,AT&T Inc,통신 서비스,영원한자유작전-트랜스사하라,-0.1900000000000048,-0.2800000000000011,0.3000000000000042,0.1199999999999974,0.3699999999999974,0.2620000000000004,-72.51908396946737,-106.87022900763384,114.50381679389456
27,27,TM,Toyota Motor Corp ADR,자동차 및 자동차 부품,영원한자유작전-트랜스사하라,0.2099999999999795,-0.1599999999999966,-0.3100000000000023,0.4600000000000079,-0.3799999999999954,0.4980000000000018,42.16867469879092,-32.12851405622409,-62.24899598393597
28,28,ABT,Abbott Laboratories,헬스케어 장비 및 용품,영원한자유작전-트랜스사하라,-0.1199999999999974,-0.0199999999999995,-0.120000000000001,0.0500000000000007,0.0599999999999987,0.1220000000000006,-98.36065573770234,-16.393442622950392,-98.36065573770524
29,29,NKE,Nike Inc Class B,섬유 및 의류,영원한자유작전-트랜스사하라,0.2200000000000006,0.129999999999999,0.08,-0.0199999999999995,-0.0899999999999998,0.1019999999999999,215.68627450980463,127.45098039215594,78.43137254901971
30,30,CVX,Chevron Corp,오일 및 가스,영원한자유작전-트랜스사하라,-0.7800000000000011,-1.230000000000004,1.2900000000000065,-0.269999999999996,0.2400000000000091,0.3379999999999995,-230.76923076923143,-363.9053254437887,381.65680473373016
31,31,ORCL,Oracle Corp,소프트웨어 및 IT서비스,영원한자유작전-트랜스사하라,-0.1099999999999994,-0.2100000000000008,-0.1600000000000001,-0.1900000000000012,0.2800000000000011,-0.132,83.33333333333289,159.0909090909097,121.21212121212127
32,32,PFE,Pfizer Inc,제약,영원한자유작전-트랜스사하라,0.0599999999999987,-0.0399999999999991,0.0899999999999998,0.1499999999999985,0.129999999999999,0.1679999999999992,35.71428571428511,-23.809523809523405,53.571428571428726
33,33,MRK,Merck & Co Inc,제약,영원한자유작전-트랜스사하라,-0.1000000000000014,-0.6200000000000045,-0.1000000000000014,-0.0300000000000011,-0.3900000000000005,-0.1659999999999996,60.24096385542267,373.493975903618,60.24096385542267
34,34,NVS,Novartis AG ADR,제약,영원한자유작전-트랜스사하라,0.0700000000000002,-0.2300000000000039,-0.0100000000000051,-0.0500000000000042,0.2700000000000031,0.0739999999999994,94.59459459459563,-310.81081081081834,-13.513513513520522
35,35,CRM,Salesforce.Com Inc,소프트웨어 및 IT서비스,영원한자유작전-트랜스사하라,-0.0099999999999997,0.1199999999999992,0.0099999999999997,0.0899999999999998,0.2899999999999991,0.1419999999999998,-7.04225352112662,84.50704225352068,7.04225352112662
36,36,ACN,Accenture PLC Class A,소프트웨어 및 IT서비스,영원한자유작전-트랜스사하라,-0.019999999999996,0.6000000000000014,-0.1099999999999994,-0.0700000000000002,0.5,0.2219999999999999,-9.00900900900722,270.27027027027106,-49.54954954954932
37,37,TMO,Thermo Fisher Scientific Inc,헬스케어 장비 및 용품,영원한자유작전-트랜스사하라,-0.1000000000000014,0.6600000000000037,-0.7199999999999989,-0.25,0.6700000000000017,0.0680000000000006,-147.05882352941236,970.5882352941134,-1058.8235294117524
38,38,LLY,Eli Lilly and Co,제약,영원한자유작전-트랜스사하라,0.0399999999999991,-0.2800000000000011,0.1600000000000037,0.240000000000002,-0.0799999999999983,0.3760000000000005,10.638297872340184,-74.46808510638319,42.55319148936263
39,39,MCD,Mcdonald's Corp,호텔 및 엔터테인먼트,영원한자유작전-트랜스사하라,0.0700000000000002,-0.0300000000000011,-0.3799999999999954,0.0700000000000002,0.0600000000000022,0.2460000000000008,28.45528455284555,-12.195121951219935,-154.4715447154448
40,40,DHR,Danaher Corp,헬스케어 장비 및 용품,영원한자유작전-트랜스사하라,-0.1400000000000005,-0.0400000000000062,-0.2600000000000051,-0.0300000000000011,-0.1500000000000056,0.1280000000000001,-109.37500000000036,-31.250000000004857,-203.1250000000038
41,41,WFC,Wells Fargo & Co,은행,영원한자유작전-트랜스사하라,0.1099999999999994,-0.029999999999994,-0.25,-0.1000000000000014,-0.009999999999998,-0.002000000000001,-5499.999999997158,1499.999999998934,12499.999999993604
42,42,BHP,BHP Group Ltd ADR,메탈&마이닝,영원한자유작전-트랜스사하라,0.0300000000000011,0.3599999999999994,0.3500000000000014,-0.1599999999999966,-0.2800000000000011,-0.0019999999999967,-1500.000000002487,-18000.000000029133,-17500.00000002842
0,0,AAPL,Apple Inc,"컴퓨터, 전화 및 가전제품",소말리아내전,0.0899999999999998,0.04,0.0099999999999997,-0.0899999999999998,0.0,-0.0119999999999999,-750.0000000000036,-333.3333333333358,-83.33333333333209
1,1,MSFT,Microsoft Corp,소프트웨어 및 IT서비스,소말리아내전,0.7999999999999972,0.6499999999999986,0.0899999999999998,-0.639999999999997,-0.1900000000000012,-0.1639999999999993,-487.8048780487807,-396.34146341463486,-54.87804878048794
2,2,AMZN,Amazon.com Inc,다양한 소매업,소말리아내전,2.5799999999999983,2.720000000000006,-2.3200000000000003,1.4600000000000009,0.0399999999999991,0.4300000000000011,599.999999999998,632.5581395348834,-539.5348837209289
3,3,GOOGL,Alphabet Inc Class A,소프트웨어 및 IT서비스,소말리아내전,3.1399999999999864,-1.0600000000000025,1.4699999999999989,-3.079999999999984,-0.6099999999999852,0.2440000000000054,1286.8852459016048,-434.42622950818793,602.4590163934287
4,4,NVDA,NVIDIA Corp,반도체 및 반도체 장비,소말리아내전,0.5500000000000007,0.08,0.2200000000000006,-0.2700000000000004,-0.2200000000000006,0.0139999999999995,3928.571428571568,571.4285714285915,1571.4285714286295
5,5,INTC,Intel Corp,반도체 및 반도체 장비,소말리아내전,0.8100000000000005,0.0600000000000005,0.1000000000000014,-0.5499999999999989,-0.4800000000000004,-0.1239999999999994,-653.225806451616,-48.38709677419415,-80.64516129032407
6,6,ASML,ASML Holding NV ADR,반도체 및 반도체 장비,소말리아내전,0.3099999999999987,0.4700000000000024,0.1700000000000017,-0.3399999999999998,-0.5899999999999999,-0.0919999999999994,-336.95652173913106,-510.8695652173969,-184.7826086956551
7,7,CMCSA,Comcast Corp Class A,미디어 및 출판,소말리아내전,0.1499999999999985,-0.0199999999999995,0.3200000000000003,-0.6999999999999993,-0.3900000000000005,-0.1319999999999996,-113.63636363636284,15.151515151514866,-242.42424242424323
8,8,NFLX,Netflix Inc,소프트웨어 및 IT서비스,소말리아내전,0.2000000000000001,-0.0199999999999995,-0.0300000000000002,0.0200000000000004,0.2099999999999999,0.0860000000000001,232.5581395348836,-23.255813953487845,-34.8837209302328
9,9,ADBE,Adobe Inc,소프트웨어 및 IT서비스,소말리아내전,0.1699999999999981,0.009999999999998,0.259999999999998,-0.9500000000000028,-0.5500000000000007,-0.2740000000000009,-62.04379562043708,-3.649635036495612,-94.89051094890408
10,10,CSCO,Cisco Systems Inc,커뮤니케이션 및 네트워킹,소말리아내전,0.450000000000001,0.1399999999999988,0.1199999999999992,-0.9399999999999996,-0.7699999999999996,-0.2619999999999994,-171.7557251908405,-53.43511450381645,-45.80152671755705
11,11,PEP,PepsiCo Inc,음료,소말리아내전,0.3700000000000045,1.0,-0.0499999999999971,-1.2700000000000031,-0.1700000000000017,-0.3280000000000015,-112.80487804878136,-304.8780487804864,15.243902439023454
12,12,TXN,Texas Instruments Inc,반도체 및 반도체 장비,소말리아내전,0.8699999999999992,0.1699999999999999,0.5299999999999994,-0.2600000000000015,-0.5600000000000005,-0.1600000000000005,-543.7499999999977,-106.24999999999962,-331.2499999999986
13,13,TSM,Taiwan Semiconductor Manufacturing Co Ltd ADR,반도체 및 반도체 장비,소말리아내전,0.0099999999999997,0.33,0.2699999999999996,-0.1200000000000001,-0.3400000000000007,-0.0119999999999999,-83.33333333333209,-2750.000000000018,-2250.000000000011
14,14,JPM,JPMorgan Chase & Co,은행,소말리아내전,0.1999999999999993,-0.9800000000000004,-0.2100000000000008,-0.2999999999999971,-1.3099999999999987,-0.1379999999999995,-144.92753623188403,710.1449275362346,152.1739130434794
15,15,V,Visa Inc Class A,소프트웨어 및 IT서비스,소말리아내전,0.4299999999999997,-0.450000000000001,0.0699999999999985,0.5800000000000001,0.0899999999999998,0.246,174.79674796747952,-182.92682926829303,28.455284552844912
16,16,JNJ,Johnson & Johnson,제약,소말리아내전,0.4399999999999977,0.509999999999998,-0.75,-0.490000000000002,0.1099999999999994,0.0779999999999987,564.1025641025706,653.8461538461622,-961.5384615384776
17,17,WMT,Walmart Inc,식품 및 약품소매,소말리아내전,0.0,0.7800000000000011,-0.4699999999999988,-0.8800000000000026,-0.7000000000000028,-0.5480000000000018,-0.0,-142.3357664233574,85.76642335766374
18,18,MA,Mastercard Inc Class A,소프트웨어 및 IT서비스,소말리아내전,0.3399999999999998,0.1699999999999999,-0.1300000000000007,0.3399999999999998,-0.1699999999999999,0.148,229.7297297297296,114.86486486486478,-87.83783783783834
19,19,UNH,UnitedHealth Group Inc,헬스케어 업체 및 서비스,소말리아내전,1.1499999999999986,0.129999999999999,-0.8200000000000003,-0.4300000000000032,-0.9899999999999984,0.0639999999999979,1796.8750000000562,203.12500000000503,-1281.250000000042
20,20,PG,Procter & Gamble Co,"개인, 가정 용품 및 서비스",소말리아내전,-0.9500000000000028,0.4199999999999946,-1.8099999999999952,-2.0,0.4299999999999997,-0.5359999999999999,177.2388059701498,-78.35820895522289,337.68656716417826
21,21,DIS,Walt Disney Co,미디어 및 출판,소말리아내전,0.120000000000001,-0.1600000000000001,-0.5899999999999999,-0.629999999999999,-0.6799999999999997,-0.0999999999999992,-120.00000000000186,160.0000000000013,590.0000000000041
22,22,BAC,Bank of America Corp,은행,소말리아내전,-0.2000000000000001,-0.8600000000000003,-0.7699999999999996,-0.2999999999999998,-0.1799999999999997,-0.2219999999999999,90.0900900900902,387.3873873873877,346.8468468468468
23,23,HD,Home Depot Inc,전문품 상점,소말리아내전,0.3599999999999994,-0.0499999999999971,0.1000000000000014,-0.6899999999999977,-0.5,-0.1919999999999987,-187.5000000000009,26.041666666665357,-52.083333333334416
24,24,VZ,Verizon Communications Inc,통신 서비스,소말리아내전,0.3000000000000007,0.2800000000000011,-0.9699999999999988,-0.3699999999999974,-0.5699999999999967,0.1940000000000004,154.63917525773195,144.32989690721672,-499.99999999999824
25,25,XOM,Exxon Mobil Corp,오일 및 가스,소말리아내전,0.6299999999999955,1.2700000000000102,-0.8900000000000006,-1.769999999999996,-0.5799999999999983,-0.6159999999999997,-102.27272727272658,-206.16883116883292,144.48051948051966
26,26,KO,Coca-Cola Co,음료,소말리아내전,0.0100000000000015,0.4100000000000001,-0.4800000000000004,-0.3599999999999994,-0.0800000000000018,-0.0799999999999997,-12.500000000001998,-512.500000000002,600.0000000000026
27,27,T,AT&T Inc,통신 서비스,소말리아내전,0.1900000000000012,-0.0700000000000002,-0.8599999999999994,-0.1499999999999985,-0.8299999999999983,0.2380000000000002,79.8319327731097,-29.41176470588244,-361.34453781512536
28,28,TM,Toyota Motor Corp ADR,자동차 및 자동차 부품,소말리아내전,0.9299999999999996,1.2199999999999989,-0.2799999999999869,-1.5399999999999991,-2.5,-0.5340000000000018,-174.15730337078588,-228.46441947565444,52.434456928836326
29,29,ABT,Abbott Laboratories,헬스케어 장비 및 용품,소말리아내전,0.8299999999999983,0.5200000000000031,-0.5899999999999999,0.2000000000000028,0.3900000000000005,0.234000000000001,354.70085470085235,222.2222222222226,-252.13675213675097
30,30,NKE,Nike Inc Class B,섬유 및 의류,소말리아내전,-0.0300000000000011,0.4000000000000003,-0.1600000000000001,-0.2599999999999998,-0.2799999999999993,-0.0659999999999996,45.45454545454741,-606.0606060606098,242.4242424242439
31,31,CVX,Chevron Corp,오일 및 가스,소말리아내전,0.7700000000000102,1.0700000000000074,-0.6900000000000119,-1.7800000000000011,-1.8900000000000008,-0.4179999999999978,-184.2105263157929,-255.98086124402224,165.07177033493195
32,32,ORCL,Oracle Corp,소프트웨어 및 IT서비스,소말리아내전,0.2999999999999971,0.1999999999999993,0.0600000000000022,-0.7900000000000027,-0.0800000000000018,-0.2100000000000008,-142.85714285714093,-95.23809523809452,-28.571428571429536
33,33,PFE,Pfizer Inc,제약,소말리아내전,0.2599999999999998,0.7999999999999989,-0.4699999999999988,-0.5099999999999998,-0.1699999999999999,-0.4279999999999994,-60.74766355140191,-186.9158878504673,109.81308411214944
34,34,MRK,Merck & Co Inc,제약,소말리아내전,0.3399999999999998,0.3599999999999994,-0.3500000000000014,-0.3000000000000007,0.4200000000000017,-0.0899999999999998,-377.7777777777782,-400.0,388.8888888888911
35,35,NVS,Novartis AG ADR,제약,소말리아내전,0.1400000000000005,0.2899999999999991,-0.3400000000000034,-0.1999999999999957,-0.0300000000000011,-0.125999999999999,-111.11111111111236,-230.1587301587312,269.84126984127454
36,36,CRM,Salesforce.Com Inc,소프트웨어 및 IT서비스,소말리아내전,0.04,0.7000000000000002,-0.1699999999999999,-0.3099999999999996,-0.3899999999999997,-0.05,-80.00000000000007,-1400.0000000000005,339.9999999999999
37,37,ACN,Accenture PLC Class A,소프트웨어 및 IT서비스,소말리아내전,0.5899999999999999,1.1900000000000013,0.2299999999999968,-0.7800000000000047,-0.4699999999999988,-0.0260000000000005,-2269.230769230724,-4576.923076922992,-884.6153846153552
38,38,TMO,Thermo Fisher Scientific Inc,헬스케어 장비 및 용품,소말리아내전,0.3000000000000042,0.6499999999999986,-0.490000000000002,-0.5,-0.4200000000000017,0.0800000000000011,375.0,812.4999999999867,-612.4999999999937
39,39,LLY,Eli Lilly and Co,제약,소말리아내전,0.740000000000002,1.0,-1.2100000000000009,-1.8900000000000008,-0.6700000000000017,-0.6,-123.33333333333368,-166.66666666666669,201.66666666666683
40,40,MCD,Mcdonald's Corp,호텔 및 엔터테인먼트,소말리아내전,0.2800000000000011,0.5900000000000034,-1.3100000000000025,-0.4799999999999969,-0.6400000000000006,-0.1139999999999972,-245.61403508772628,-517.5438596491384,1149.122807017574
41,41,DHR,Danaher Corp,헬스케어 장비 및 용품,소말리아내전,0.1400000000000005,0.129999999999999,0.120000000000001,-0.25,-0.1099999999999994,0.2299999999999997,60.86956521739163,56.521739130434426,52.17391304347876
42,42,WFC,Wells Fargo & Co,은행,소말리아내전,0.8200000000000003,-1.1199999999999974,-1.0500000000000007,-0.4500000000000028,-1.0499999999999972,0.1899999999999991,431.5789473684232,-589.4736842105276,-552.6315789473713
43,43,BHP,BHP Group Ltd ADR,메탈&마이닝,소말리아내전,1.2399999999999949,1.2999999999999972,-0.3600000000000065,-1.2000000000000028,-0.720000000000006,-0.5560000000000003,-223.02158273381195,-233.8129496402872,64.74820143885006
0,0,AAPL,Apple Inc,"컴퓨터, 전화 및 가전제품",킹스톤불안,-0.0199999999999995,0.209999999999999,-0.209999999999999,0.3399999999999998,-0.1500000000000003,0.0899999999999998,-22.22222222222178,233.3333333333327,-233.3333333333327
1,1,MSFT,Microsoft Corp,소프트웨어 및 IT서비스,킹스톤불안,-0.5800000000000018,0.4200000000000017,-1.2199999999999989,0.2100000000000008,-0.5399999999999991,-0.0619999999999997,935.4838709677488,-677.4193548387152,1967.741935483877
2,2,AMZN,Amazon.com Inc,다양한 소매업,킹스톤불안,-0.4499999999999886,6.319999999999993,-1.8400000000000036,4.829999999999998,-2.930000000000007,1.1099999999999994,-40.54054054053954,569.3693693693691,-165.76576576576616
3,3,GOOGL,Alphabet Inc Class A,소프트웨어 및 IT서비스,킹스톤불안,-1.789999999999992,4.469999999999999,-3.300000000000012,1.490000000000009,-5.030000000000001,-0.6339999999999975,282.3343848580441,-705.04731861199,520.5047318612026
4,4,NVDA,NVIDIA Corp,반도체 및 반도체 장비,킹스톤불안,-0.33,0.7199999999999989,-0.4499999999999993,0.6300000000000008,0.0700000000000002,0.1980000000000004,-166.66666666666637,363.6363636363623,-227.27272727272648
5,5,INTC,Intel Corp,반도체 및 반도체 장비,킹스톤불안,-0.2799999999999976,0.7300000000000004,-0.4000000000000021,0.5,-0.2300000000000004,0.1280000000000001,-218.74999999999795,570.3124999999998,-312.50000000000136
6,6,ASML,ASML Holding NV ADR,반도체 및 반도체 장비,킹스톤불안,-0.3599999999999994,1.009999999999998,-0.389999999999997,1.1700000000000017,0.4299999999999997,0.184000000000001,-195.65217391304205,548.9130434782567,-211.9565217391276
7,7,CMCSA,Comcast Corp Class A,미디어 및 출판,킹스톤불안,-0.120000000000001,1.2100000000000009,-0.0400000000000027,0.5800000000000018,-0.4800000000000004,0.2040000000000013,-58.82352941176481,593.1372549019572,-19.607843137256094
8,8,NFLX,Netflix Inc,소프트웨어 및 IT서비스,킹스톤불안,0.0399999999999991,1.0700000000000005,-0.379999999999999,1.1500000000000004,-0.25,0.4879999999999999,8.196721311475237,219.26229508196727,-77.86885245901621
9,9,ADBE,Adobe Inc,소프트웨어 및 IT서비스,킹스톤불안,-0.1900000000000012,0.8000000000000007,-0.7099999999999973,1.0300000000000011,-0.4600000000000044,0.2220000000000027,-85.58558558558511,360.36036036035625,-319.8198198198147
10,10,CSCO,Cisco Systems Inc,커뮤니케이션 및 네트워킹,킹스톤불안,-0.0799999999999983,0.5799999999999983,-0.6699999999999982,0.7899999999999991,-0.25,0.1740000000000002,-45.97701149425184,333.33333333333195,-385.0574712643663
11,11,PEP,PepsiCo Inc,음료,킹스톤불안,0.2299999999999968,0.9600000000000009,-1.8300000000000052,0.3699999999999974,-1.3700000000000043,0.1460000000000008,157.53424657533947,657.5342465753395,-1253.4246575342434
12,12,AVGO,Broadcom Inc,반도체 및 반도체 장비,킹스톤불안,-0.3599999999999994,0.2300000000000004,0.4600000000000008,-0.0899999999999998,0.3300000000000018,-0.0500000000000007,719.9999999999886,-459.9999999999943,-919.9999999999884
13,13,TXN,Texas Instruments Inc,반도체 및 반도체 장비,킹스톤불안,-0.2100000000000008,0.7799999999999976,-0.3999999999999986,0.6799999999999997,0.120000000000001,0.1979999999999996,-106.06060606060666,393.93939393939337,-202.0202020202016
14,14,TSM,Taiwan Semiconductor Manufacturing Co Ltd ADR,반도체 및 반도체 장비,킹스톤불안,-0.1100000000000012,0.0700000000000002,-0.2199999999999988,0.2899999999999991,-0.0499999999999989,0.0839999999999999,-130.95238095238238,83.33333333333368,-261.90476190476056
15,15,JPM,JPMorgan Chase & Co,은행,킹스톤불안,-1.5399999999999991,1.269999999999996,-0.4099999999999966,3.029999999999994,-0.7199999999999989,1.0420000000000005,-147.792706333973,121.8809980806138,-39.34740882917433
16,16,V,Visa Inc Class A,소프트웨어 및 IT서비스,킹스톤불안,-0.2199999999999988,-0.0300000000000011,-0.1899999999999977,0.5500000000000007,0.1999999999999993,-0.1200000000000002,183.33333333333195,25.000000000000888,158.33333333333107
17,17,JNJ,Johnson & Johnson,제약,킹스톤불안,-0.0499999999999971,0.6400000000000006,-1.1700000000000017,1.1000000000000014,-1.2700000000000031,0.216000000000001,-23.14814814814672,296.29629629629505,-541.6666666666647
18,18,WMT,Walmart Inc,식품 및 약품소매,킹스톤불안,-0.0399999999999991,0.0300000000000011,-0.3399999999999963,0.6400000000000006,-1.0700000000000005,0.2980000000000004,-13.422818791946009,10.0671140939601,-114.09395973154224
19,19,MA,Mastercard Inc Class A,소프트웨어 및 IT서비스,킹스톤불안,-0.5599999999999987,0.2800000000000011,-0.5300000000000011,1.150000000000002,0.879999999999999,0.1600000000000008,-349.99999999999727,174.99999999999974,-331.2499999999989
20,20,UNH,UnitedHealth Group Inc,헬스케어 업체 및 서비스,킹스톤불안,0.2399999999999984,0.5400000000000027,-0.2600000000000015,0.1600000000000001,-0.5599999999999987,-0.0359999999999999,-666.6666666666634,-1500.00000000001,722.2222222222277
21,21,PG,Procter & Gamble Co,"개인, 가정 용품 및 서비스",킹스톤불안,-0.0300000000000011,0.8999999999999986,-0.4299999999999997,1.4500000000000028,-0.8599999999999994,0.640000000000002,-4.687500000000163,140.62499999999935,-67.18749999999974
22,22,DIS,Walt Disney Co,미디어 및 출판,킹스톤불안,-0.0800000000000054,0.740000000000002,0.5600000000000023,1.4699999999999989,-0.7699999999999996,0.4420000000000001,-18.099547511313432,167.42081447963838,126.69683257918598
23,23,BAC,Bank of America Corp,은행,킹스톤불안,-0.5800000000000001,0.5800000000000001,-0.4399999999999995,1.0299999999999994,-0.6600000000000001,0.3539999999999992,-163.8418079096049,163.8418079096049,-124.2937853107346
24,24,HD,Home Depot Inc,전문품 상점,킹스톤불안,0.3699999999999974,1.4399999999999975,-0.509999999999998,0.7600000000000051,-0.769999999999996,0.2120000000000018,174.5283018867897,679.2452830188608,-240.566037735846
25,25,VZ,Verizon Communications Inc,통신 서비스,킹스톤불안,-0.2600000000000015,0.2899999999999991,-0.5399999999999991,0.5600000000000023,-0.4800000000000004,0.2440000000000005,-106.55737704918076,118.85245901639286,-221.31147540983528
26,26,XOM,Exxon Mobil Corp,오일 및 가스,킹스톤불안,-0.5500000000000043,0.7199999999999989,-0.769999999999996,1.720000000000006,-1.1400000000000006,0.3400000000000034,-161.76470588235256,211.7647058823505,-226.4705882352907
27,27,KO,Coca-Cola Co,음료,킹스톤불안,0.120000000000001,0.129999999999999,-0.370000000000001,0.379999999999999,-0.4800000000000004,0.0959999999999993,125.00000000000183,135.41666666666652,-385.4166666666702
28,28,T,AT&T Inc,통신 서비스,킹스톤불안,-0.2800000000000011,0.2300000000000004,-0.1799999999999997,0.490000000000002,-0.3200000000000003,0.2140000000000007,-130.84112149532717,107.4766355140185,-84.11214953270985
29,29,TM,Toyota Motor Corp ADR,자동차 및 자동차 부품,킹스톤불안,-0.0799999999999983,0.9399999999999976,-0.6299999999999955,2.4200000000000017,-0.4399999999999977,0.6559999999999974,-12.1951219512193,143.2926829268295,-96.03658536585336
30,30,ABT,Abbott Laboratories,헬스케어 장비 및 용품,킹스톤불안,0.25,0.1000000000000014,-0.1900000000000012,0.6999999999999993,-0.4700000000000024,0.2100000000000008,119.04761904761855,47.6190476190481,-90.47619047619072
31,31,NKE,Nike Inc Class B,섬유 및 의류,킹스톤불안,0.0500000000000007,0.7100000000000009,-0.25,0.5600000000000023,-0.0500000000000007,0.1420000000000008,35.211267605634085,499.9999999999975,-176.05633802816794
32,32,CVX,Chevron Corp,오일 및 가스,킹스톤불안,-0.7800000000000011,0.8299999999999983,-1.6400000000000006,2.1300000000000097,-1.440000000000012,0.6780000000000029,-115.04424778761027,122.41887905604642,-241.8879056047188
33,33,ORCL,Oracle Corp,소프트웨어 및 IT서비스,킹스톤불안,0.240000000000002,0.4299999999999997,-0.4100000000000001,0.5399999999999991,-0.5999999999999979,0.1059999999999995,226.4150943396256,405.66037735849216,-386.7924528301906
34,34,PFE,Pfizer Inc,제약,킹스톤불안,-0.0599999999999987,0.1100000000000012,0.0,0.4100000000000001,-0.3099999999999987,0.0940000000000001,-63.8297872340411,117.02127659574582,0.0
35,35,MRK,Merck & Co Inc,제약,킹스톤불안,-0.0100000000000015,0.7600000000000016,0.4400000000000013,0.8399999999999999,-0.4099999999999966,0.2679999999999992,-3.7313432835826834,283.5820895522402,164.17910447761287
36,36,NVS,Novartis AG ADR,제약,킹스톤불안,-0.1000000000000014,0.3900000000000005,-0.6499999999999986,0.8399999999999963,-0.7100000000000009,0.1679999999999978,-59.52380952381113,232.14285714286044,-386.904761904766
37,37,CRM,Salesforce.Com Inc,소프트웨어 및 IT서비스,킹스톤불안,-0.0299999999999975,0.5300000000000011,0.25,2.3299999999999983,0.0400000000000027,0.7139999999999986,-4.201680672268577,74.229691876751,35.014005602240964
38,38,ACN,Accenture PLC Class A,소프트웨어 및 IT서비스,킹스톤불안,0.25,0.4200000000000017,-0.6100000000000065,0.8900000000000006,-0.6000000000000014,0.4080000000000012,61.27450980392138,102.94117647058832,-149.50980392156976
39,39,TMO,Thermo Fisher Scientific Inc,헬스케어 장비 및 용품,킹스톤불안,0.240000000000002,0.740000000000002,0.1400000000000005,1.5899999999999963,-1.3200000000000005,0.4399999999999991,54.54545454545509,168.18181818181895,31.818181818182005
40,40,LLY,Eli Lilly and Co,제약,킹스톤불안,-0.0300000000000011,0.1199999999999974,-0.7299999999999969,0.1199999999999974,-0.1099999999999994,0.0079999999999984,-375.0000000000889,1500.0000000002667,-9125.000000001775
41,41,MCD,Mcdonald's Corp,호텔 및 엔터테인먼트,킹스톤불안,-0.1800000000000068,1.25,-1.8799999999999957,0.7900000000000063,-0.8800000000000097,0.2260000000000047,-79.64601769911638,553.0973451327317,-831.8584070796264
42,42,DHR,Danaher Corp,헬스케어 장비 및 용품,킹스톤불안,-0.3000000000000042,0.9199999999999946,-0.4299999999999997,1.2100000000000009,-0.259999999999998,0.0320000000000007,-937.4999999999918,2874.999999999917,-1343.7499999999682
43,43,WFC,Wells Fargo & Co,은행,킹스톤불안,-0.8599999999999994,1.1899999999999975,-1.1900000000000013,2.0599999999999987,-0.75,0.4899999999999991,-175.51020408163285,242.8571428571428,-242.85714285714357
44,44,BHP,BHP Group Ltd ADR,메탈&마이닝,킹스톤불안,-0.730000000000004,2.0,-0.509999999999998,2.25,-0.3099999999999951,0.3399999999999991,-214.7058823529429,588.2352941176486,-149.9999999999998
